0,0,"(0, 0)",2198,1,31,0,0
0,0,"(0, 1)",2200,0,0,0,0
0,0,"(0, 2)",2200,0,0,0,0
0,0,"(0, 3)",2200,0,0,0,0
0,0,"(0, 4)",2198,1,31,0,0
0,0,"(0, 5)",2200,0,0,0,0
0,0,"(0, 6)",2200,0,0,0,0
0,0,"(0, 7)",2200,0,0,0,0
0,0,"(0, 8)",2200,0,0,0,0
0,0,"(0, 9)",2200,0,0,0,0
0,0,"(1, 0)",2200,0,0,0,0
0,0,"(1, 1)",2200,0,0,0,0
0,0,"(1, 2)",2200,0,0,0,0
0,0,"(1, 3)",2198,1,31,0,0
0,0,"(1, 4)",2198,1,31,0,0
0,0,"(1, 5)",2200,0,0,0,0
0,0,"(1, 6)",2200,0,0,0,0
0,0,"(1, 7)",2200,0,0,0,0
0,0,"(1, 8)",2200,0,0,0,0
0,0,"(1, 9)",2200,0,0,0,0
0,0,"(2, 0)",2200,0,0,0,0
0,0,"(2, 1)",2197,1,32,0,0
0,0,"(2, 2)",2200,0,0,0,0
0,0,"(2, 3)",2200,0,0,0,0
0,0,"(2, 4)",2200,0,0,1,120
0,0,"(2, 5)",2200,0,0,0,0
0,0,"(2, 6)",2198,1,31,0,0
0,0,"(2, 7)",2200,0,0,0,0
0,0,"(2, 8)",2200,0,0,0,0
0,0,"(2, 9)",2200,0,0,0,0
0,0,"(3, 0)",2200,0,0,0,0
0,0,"(3, 1)",2200,0,0,0,0
0,0,"(3, 2)",2200,0,0,0,0
0,0,"(3, 3)",2200,0,0,1,120
0,0,"(3, 4)",2200,0,0,0,0
0,0,"(3, 5)",2198,1,31,0,0
0,0,"(3, 6)",2200,0,0,0,0
0,0,"(3, 7)",2200,0,0,0,0
0,0,"(3, 8)",2200,0,0,0,0
0,0,"(3, 9)",2200,0,0,1,120
0,0,"(4, 0)",2200,0,0,0,0
0,0,"(4, 1)",2198,1,31,0,0
0,0,"(4, 2)",2200,0,0,0,0
0,0,"(4, 3)",2198,1,31,0,0
0,0,"(4, 4)",2198,1,31,0,0
0,0,"(4, 5)",2198,1,31,0,0
0,0,"(4, 6)",2198,1,31,0,0
0,0,"(4, 7)",2200,0,0,0,0
0,0,"(4, 8)",2200,0,0,0,0
0,0,"(4, 9)",2200,0,0,0,0
0,0,"(5, 0)",2200,0,0,0,0
0,0,"(5, 1)",2200,0,0,0,0
0,0,"(5, 2)",2200,0,0,0,0
0,0,"(5, 3)",2197,1,32,0,0
0,0,"(5, 4)",2200,0,0,0,0
0,0,"(5, 5)",2198,1,31,0,0
0,0,"(5, 6)",2200,0,0,0,0
0,0,"(5, 7)",2200,0,0,0,0
0,0,"(5, 8)",2195,2,63,0,0
0,0,"(5, 9)",2200,0,0,0,0
0,0,"(6, 0)",2200,0,0,0,0
0,0,"(6, 1)",2200,0,0,0,0
0,0,"(6, 2)",2200,0,0,0,0
0,0,"(6, 3)",2200,0,0,0,0
0,0,"(6, 4)",2200,0,0,0,0
0,0,"(6, 5)",2200,0,0,0,0
0,0,"(6, 6)",2200,0,0,0,0
0,0,"(6, 7)",2200,0,0,0,0
0,0,"(6, 8)",2200,0,0,0,0
0,0,"(6, 9)",2198,1,31,0,0
0,0,"(7, 0)",2200,0,0,0,0
0,0,"(7, 1)",2200,0,0,0,0
0,0,"(7, 2)",2197,1,32,0,0
0,0,"(7, 3)",2200,0,0,0,0
0,0,"(7, 4)",2200,0,0,0,0
0,0,"(7, 5)",2197,1,32,0,0
0,0,"(7, 6)",2200,0,0,0,0
0,0,"(7, 7)",2198,1,31,0,0
0,0,"(7, 8)",2200,0,0,0,0
0,0,"(7, 9)",2200,0,0,0,0
1,1,"(0, 0)",2198,0,0,0,0
1,1,"(0, 1)",2200,0,0,0,0
1,1,"(0, 2)",2200,0,0,0,0
1,1,"(0, 3)",2200,0,0,0,0
1,1,"(0, 4)",2196,1,32,0,0
1,1,"(0, 5)",2200,0,0,0,0
1,1,"(0, 6)",2200,0,0,0,0
1,1,"(0, 7)",2200,0,0,0,0
1,1,"(0, 8)",2200,0,0,0,0
1,1,"(0, 9)",2200,0,0,0,0
1,1,"(1, 0)",2197,1,33,0,0
1,1,"(1, 1)",2200,0,0,0,0
1,1,"(1, 2)",2200,0,0,0,0
1,1,"(1, 3)",2196,1,32,0,0
1,1,"(1, 4)",2198,0,0,0,0
1,1,"(1, 5)",2198,1,32,0,0
1,1,"(1, 6)",2200,0,0,0,0
1,1,"(1, 7)",2200,0,0,0,0
1,1,"(1, 8)",2200,0,0,0,0
1,1,"(1, 9)",2200,0,0,0,0
1,1,"(2, 0)",2200,0,0,0,0
1,1,"(2, 1)",2197,0,0,0,0
1,1,"(2, 2)",2200,0,0,0,0
1,1,"(2, 3)",2200,0,0,0,0
1,1,"(2, 4)",2200,0,0,1,120
1,1,"(2, 5)",2200,0,0,0,0
1,1,"(2, 6)",2198,0,0,0,0
1,1,"(2, 7)",2200,0,0,0,0
1,1,"(2, 8)",2200,0,0,0,0
1,1,"(2, 9)",2200,0,0,0,0
1,1,"(3, 0)",2197,1,33,0,0
1,1,"(3, 1)",2198,1,33,0,0
1,1,"(3, 2)",2200,0,0,0,0
1,1,"(3, 3)",2200,0,0,0,0
1,1,"(3, 4)",2200,0,0,1,120
1,1,"(3, 5)",2196,1,32,0,0
1,1,"(3, 6)",2200,0,0,0,0
1,1,"(3, 7)",2198,1,32,0,0
1,1,"(3, 8)",2200,0,0,0,0
1,1,"(3, 9)",2200,0,0,1,120
1,1,"(4, 0)",2200,0,0,0,0
1,1,"(4, 1)",2198,0,0,0,0
1,1,"(4, 2)",2195,2,66,0,0
1,1,"(4, 3)",2198,0,0,0,0
1,1,"(4, 4)",2193,2,65,0,0
1,1,"(4, 5)",2198,0,0,0,0
1,1,"(4, 6)",2198,0,0,0,0
1,1,"(4, 7)",2200,0,0,0,0
1,1,"(4, 8)",2200,0,0,0,0
1,1,"(4, 9)",2200,0,0,0,0
1,1,"(5, 0)",2200,0,0,0,0
1,1,"(5, 1)",2200,0,0,0,0
1,1,"(5, 2)",2200,0,0,0,0
1,1,"(5, 3)",2194,1,33,0,0
1,1,"(5, 4)",2200,0,0,0,0
1,1,"(5, 5)",2196,1,32,0,0
1,1,"(5, 6)",2200,0,0,0,0
1,1,"(5, 7)",2197,1,33,0,0
1,1,"(5, 8)",2193,1,33,0,0
1,1,"(5, 9)",2200,0,0,0,0
1,1,"(6, 0)",2200,0,0,0,0
1,1,"(6, 1)",2200,0,0,0,0
1,1,"(6, 2)",2200,0,0,0,0
1,1,"(6, 3)",2200,0,0,0,0
1,1,"(6, 4)",2198,1,33,0,0
1,1,"(6, 5)",2200,0,0,0,0
1,1,"(6, 6)",2200,0,0,0,0
1,1,"(6, 7)",2200,0,0,0,0
1,1,"(6, 8)",2197,1,33,0,0
1,1,"(6, 9)",2198,0,0,0,0
1,1,"(7, 0)",2200,0,0,0,0
1,1,"(7, 1)",2200,0,0,0,0
1,1,"(7, 2)",2197,0,0,0,0
1,1,"(7, 3)",2198,1,33,0,0
1,1,"(7, 4)",2200,0,0,0,0
1,1,"(7, 5)",2197,0,0,0,0
1,1,"(7, 6)",2200,0,0,0,0
1,1,"(7, 7)",2198,0,0,0,0
1,1,"(7, 8)",2198,1,32,0,0
1,1,"(7, 9)",2200,0,0,0,0
2,2,"(0, 0)",2196,1,34,0,0
2,2,"(0, 1)",2200,0,0,0,0
2,2,"(0, 2)",2200,0,0,0,0
2,2,"(0, 3)",2200,0,0,0,0
2,2,"(0, 4)",2194,1,33,0,0
2,2,"(0, 5)",2200,0,0,0,0
2,2,"(0, 6)",2200,0,0,0,0
2,2,"(0, 7)",2200,0,0,0,0
2,2,"(0, 8)",2200,0,0,0,0
2,2,"(0, 9)",2200,0,0,0,0
2,2,"(1, 0)",2197,0,0,0,0
2,2,"(1, 1)",2200,0,0,0,0
2,2,"(1, 2)",2200,0,0,0,0
2,2,"(1, 3)",2196,0,0,0,0
2,2,"(1, 4)",2196,1,33,0,0
2,2,"(1, 5)",2198,0,0,0,0
2,2,"(1, 6)",2200,0,0,0,0
2,2,"(1, 7)",2200,0,0,0,0
2,2,"(1, 8)",2200,0,0,0,0
2,2,"(1, 9)",2200,0,0,0,0
2,2,"(2, 0)",2197,1,35,0,0
2,2,"(2, 1)",2197,0,0,0,0
2,2,"(2, 2)",2200,0,0,0,0
2,2,"(2, 3)",2200,0,0,0,0
2,2,"(2, 4)",2198,1,33,0,0
2,2,"(2, 5)",2200,0,0,0,0
2,2,"(2, 6)",2198,0,0,0,0
2,2,"(2, 7)",2200,0,0,0,0
2,2,"(2, 8)",2198,1,33,0,0
2,2,"(2, 9)",2200,0,0,0,0
2,2,"(3, 0)",2197,0,0,0,0
2,2,"(3, 1)",2198,0,0,0,0
2,2,"(3, 2)",2200,0,0,0,0
2,2,"(3, 3)",2200,0,0,0,0
2,2,"(3, 4)",2200,0,0,1,120
2,2,"(3, 5)",2196,0,0,1,151
2,2,"(3, 6)",2200,0,0,0,0
2,2,"(3, 7)",2198,0,0,0,0
2,2,"(3, 8)",2200,0,0,1,120
2,2,"(3, 9)",2200,0,0,0,0
2,2,"(4, 0)",2200,0,0,0,0
2,2,"(4, 1)",2196,1,34,0,0
2,2,"(4, 2)",2193,1,35,0,0
2,2,"(4, 3)",2194,2,67,0,0
2,2,"(4, 4)",2190,1,34,0,0
2,2,"(4, 5)",2196,1,34,0,0
2,2,"(4, 6)",2198,0,0,0,0
2,2,"(4, 7)",2198,1,34,0,0
2,2,"(4, 8)",2200,0,0,0,0
2,2,"(4, 9)",2200,0,0,0,0
2,2,"(5, 0)",2200,0,0,0,0
2,2,"(5, 1)",2200,0,0,0,0
2,2,"(5, 2)",2200,0,0,0,0
2,2,"(5, 3)",2194,0,0,0,0
2,2,"(5, 4)",2200,0,0,0,0
2,2,"(5, 5)",2196,0,0,0,0
2,2,"(5, 6)",2200,0,0,0,0
2,2,"(5, 7)",2197,0,0,0,0
2,2,"(5, 8)",2193,0,0,0,0
2,2,"(5, 9)",2198,1,34,0,0
2,2,"(6, 0)",2200,0,0,0,0
2,2,"(6, 1)",2200,0,0,0,0
2,2,"(6, 2)",2198,1,34,0,0
2,2,"(6, 3)",2198,1,34,0,0
2,2,"(6, 4)",2196,1,33,0,0
2,2,"(6, 5)",2200,0,0,0,0
2,2,"(6, 6)",2198,1,34,0,0
2,2,"(6, 7)",2200,0,0,0,0
2,2,"(6, 8)",2195,1,33,0,0
2,2,"(6, 9)",2198,0,0,0,0
2,2,"(7, 0)",2200,0,0,0,0
2,2,"(7, 1)",2200,0,0,0,0
2,2,"(7, 2)",2197,0,0,0,0
2,2,"(7, 3)",2198,0,0,0,0
2,2,"(7, 4)",2200,0,0,0,0
2,2,"(7, 5)",2197,0,0,0,0
2,2,"(7, 6)",2200,0,0,0,0
2,2,"(7, 7)",2198,0,0,0,0
2,2,"(7, 8)",2198,0,0,0,0
2,2,"(7, 9)",2200,0,0,0,0
3,3,"(0, 0)",2196,0,0,0,0
3,3,"(0, 1)",2200,0,0,0,0
3,3,"(0, 2)",2200,0,0,0,0
3,3,"(0, 3)",2198,1,34,0,0
3,3,"(0, 4)",2194,0,0,0,0
3,3,"(0, 5)",2200,0,0,0,0
3,3,"(0, 6)",2200,0,0,0,0
3,3,"(0, 7)",2200,0,0,0,0
3,3,"(0, 8)",2200,0,0,0,0
3,3,"(0, 9)",2200,0,0,0,0
3,3,"(1, 0)",2195,1,35,0,0
3,3,"(1, 1)",2200,0,0,0,0
3,3,"(1, 2)",2200,0,0,0,0
3,3,"(1, 3)",2196,0,0,0,0
3,3,"(1, 4)",2196,0,0,0,0
3,3,"(1, 5)",2196,1,34,0,0
3,3,"(1, 6)",2200,0,0,0,0
3,3,"(1, 7)",2200,0,0,0,0
3,3,"(1, 8)",2200,0,0,0,0
3,3,"(1, 9)",2200,0,0,0,0
3,3,"(2, 0)",2197,0,0,0,0
3,3,"(2, 1)",2195,1,36,0,0
3,3,"(2, 2)",2200,0,0,0,0
3,3,"(2, 3)",2200,0,0,1,120
3,3,"(2, 4)",2198,0,0,0,0
3,3,"(2, 5)",2200,0,0,0,0
3,3,"(2, 6)",2198,0,0,0,0
3,3,"(2, 7)",2200,0,0,0,0
3,3,"(2, 8)",2198,0,0,0,0
3,3,"(2, 9)",2200,0,0,0,0
3,3,"(3, 0)",2197,0,0,0,0
3,3,"(3, 1)",2198,0,0,0,0
3,3,"(3, 2)",2200,0,0,0,0
3,3,"(3, 3)",2198,1,34,0,0
3,3,"(3, 4)",2198,1,34,0,0
3,3,"(3, 5)",2196,0,0,0,0
3,3,"(3, 6)",2200,0,0,1,151
3,3,"(3, 7)",2195,1,35,0,0
3,3,"(3, 8)",2200,0,0,0,0
3,3,"(3, 9)",2200,0,0,0,0
3,3,"(4, 0)",2200,0,0,0,0
3,3,"(4, 1)",2196,0,0,0,0
3,3,"(4, 2)",2193,0,0,0,0
3,3,"(4, 3)",2192,1,35,0,0
3,3,"(4, 4)",2190,0,0,0,0
3,3,"(4, 5)",2193,1,36,0,0
3,3,"(4, 6)",2195,1,36,0,0
3,3,"(4, 7)",2198,0,0,0,0
3,3,"(4, 8)",2200,0,0,1,120
3,3,"(4, 9)",2200,0,0,0,0
3,3,"(5, 0)",2200,0,0,0,0
3,3,"(5, 1)",2196,2,71,0,0
3,3,"(5, 2)",2197,1,36,0,0
3,3,"(5, 3)",2194,0,0,0,0
3,3,"(5, 4)",2200,0,0,0,0
3,3,"(5, 5)",2194,1,35,0,0
3,3,"(5, 6)",2200,0,0,0,0
3,3,"(5, 7)",2197,0,0,0,0
3,3,"(5, 8)",2193,0,0,0,0
3,3,"(5, 9)",2198,0,0,0,0
3,3,"(6, 0)",2200,0,0,0,0
3,3,"(6, 1)",2200,0,0,0,0
3,3,"(6, 2)",2198,0,0,0,0
3,3,"(6, 3)",2198,0,0,0,0
3,3,"(6, 4)",2194,1,34,0,0
3,3,"(6, 5)",2200,0,0,0,0
3,3,"(6, 6)",2198,0,0,0,0
3,3,"(6, 7)",2200,0,0,0,0
3,3,"(6, 8)",2195,0,0,0,0
3,3,"(6, 9)",2195,1,36,0,0
3,3,"(7, 0)",2200,0,0,0,0
3,3,"(7, 1)",2197,1,36,0,0
3,3,"(7, 2)",2197,0,0,0,0
3,3,"(7, 3)",2198,0,0,0,0
3,3,"(7, 4)",2200,0,0,0,0
3,3,"(7, 5)",2197,0,0,0,0
3,3,"(7, 6)",2198,1,35,0,0
3,3,"(7, 7)",2198,0,0,0,0
3,3,"(7, 8)",2196,1,34,0,0
3,3,"(7, 9)",2200,0,0,0,0
4,4,"(0, 0)",2196,0,0,0,0
4,4,"(0, 1)",2200,0,0,0,0
4,4,"(0, 2)",2200,0,0,0,0
4,4,"(0, 3)",2198,0,0,0,0
4,4,"(0, 4)",2194,0,0,0,0
4,4,"(0, 5)",2198,1,35,0,0
4,4,"(0, 6)",2200,0,0,0,0
4,4,"(0, 7)",2200,0,0,0,0
4,4,"(0, 8)",2200,0,0,0,0
4,4,"(0, 9)",2200,0,0,0,0
4,4,"(1, 0)",2195,0,0,0,0
4,4,"(1, 1)",2196,2,73,0,0
4,4,"(1, 2)",2200,0,0,0,0
4,4,"(1, 3)",2193,1,36,0,0
4,4,"(1, 4)",2196,0,0,0,0
4,4,"(1, 5)",2196,0,0,0,0
4,4,"(1, 6)",2200,0,0,0,0
4,4,"(1, 7)",2200,0,0,0,0
4,4,"(1, 8)",2200,0,0,0,0
4,4,"(1, 9)",2200,0,0,0,0
4,4,"(2, 0)",2197,0,0,0,0
4,4,"(2, 1)",2195,0,0,0,0
4,4,"(2, 2)",2200,0,0,0,0
4,4,"(2, 3)",2200,0,0,1,120
4,4,"(2, 4)",2196,1,35,0,0
4,4,"(2, 5)",2198,1,35,0,0
4,4,"(2, 6)",2198,0,0,0,0
4,4,"(2, 7)",2198,1,36,1,151
4,4,"(2, 8)",2198,0,0,0,0
4,4,"(2, 9)",2200,0,0,0,0
4,4,"(3, 0)",2197,0,0,0,0
4,4,"(3, 1)",2198,0,0,0,0
4,4,"(3, 2)",2200,0,0,0,0
4,4,"(3, 3)",2198,0,0,0,0
4,4,"(3, 4)",2198,0,0,0,0
4,4,"(3, 5)",2196,0,0,0,0
4,4,"(3, 6)",2200,0,0,0,0
4,4,"(3, 7)",2195,0,0,0,0
4,4,"(3, 8)",2200,0,0,1,120
4,4,"(3, 9)",2200,0,0,0,0
4,4,"(4, 0)",2200,0,0,0,0
4,4,"(4, 1)",2196,0,0,0,0
4,4,"(4, 2)",2193,0,0,0,0
4,4,"(4, 3)",2192,0,0,0,0
4,4,"(4, 4)",2190,0,0,0,0
4,4,"(4, 5)",2193,0,0,0,0
4,4,"(4, 6)",2192,1,38,0,0
4,4,"(4, 7)",2198,0,0,0,0
4,4,"(4, 8)",2200,0,0,0,0
4,4,"(4, 9)",2200,0,0,0,0
4,4,"(5, 0)",2200,0,0,0,0
4,4,"(5, 1)",2193,1,38,0,0
4,4,"(5, 2)",2195,1,37,0,0
4,4,"(5, 3)",2194,0,0,0,0
4,4,"(5, 4)",2197,1,37,0,0
4,4,"(5, 5)",2194,0,0,0,0
4,4,"(5, 6)",2198,1,37,0,0
4,4,"(5, 7)",2197,0,0,0,0
4,4,"(5, 8)",2193,0,0,0,0
4,4,"(5, 9)",2198,0,0,0,0
4,4,"(6, 0)",2200,0,0,0,0
4,4,"(6, 1)",2198,1,36,0,0
4,4,"(6, 2)",2195,1,38,0,0
4,4,"(6, 3)",2198,0,0,0,0
4,4,"(6, 4)",2192,1,36,0,0
4,4,"(6, 5)",2198,1,35,0,0
4,4,"(6, 6)",2198,0,0,0,0
4,4,"(6, 7)",2200,0,0,0,0
4,4,"(6, 8)",2195,0,0,0,0
4,4,"(6, 9)",2190,2,73,0,0
4,4,"(7, 0)",2200,0,0,0,0
4,4,"(7, 1)",2197,0,0,0,0
4,4,"(7, 2)",2197,0,0,0,0
4,4,"(7, 3)",2198,0,0,0,0
4,4,"(7, 4)",2200,0,0,0,0
4,4,"(7, 5)",2195,1,36,0,0
4,4,"(7, 6)",2198,0,0,0,0
4,4,"(7, 7)",2198,0,0,0,0
4,4,"(7, 8)",2196,0,0,0,0
4,4,"(7, 9)",2200,0,0,0,0
5,5,"(0, 0)",2196,0,0,0,0
5,5,"(0, 1)",2200,0,0,0,0
5,5,"(0, 2)",2198,1,37,0,0
5,5,"(0, 3)",2198,0,0,0,0
5,5,"(0, 4)",2192,1,36,0,0
5,5,"(0, 5)",2198,0,0,0,0
5,5,"(0, 6)",2200,0,0,0,0
5,5,"(0, 7)",2200,0,0,0,0
5,5,"(0, 8)",2200,0,0,0,0
5,5,"(0, 9)",2200,0,0,0,0
5,5,"(1, 0)",2195,0,0,0,0
5,5,"(1, 1)",2194,1,38,0,0
5,5,"(1, 2)",2200,0,0,0,0
5,5,"(1, 3)",2191,1,36,0,0
5,5,"(1, 4)",2194,1,37,0,0
5,5,"(1, 5)",2196,0,0,0,0
5,5,"(1, 6)",2200,0,0,0,0
5,5,"(1, 7)",2200,0,0,0,0
5,5,"(1, 8)",2200,0,0,0,0
5,5,"(1, 9)",2200,0,0,0,0
5,5,"(2, 0)",2197,0,0,0,0
5,5,"(2, 1)",2195,0,0,0,0
5,5,"(2, 2)",2200,0,0,0,0
5,5,"(2, 3)",2200,0,0,0,0
5,5,"(2, 4)",2196,0,0,0,0
5,5,"(2, 5)",2198,0,0,0,0
5,5,"(2, 6)",2198,0,0,0,0
5,5,"(2, 7)",2198,0,0,0,0
5,5,"(2, 8)",2198,0,0,0,0
5,5,"(2, 9)",2200,0,0,0,0
5,5,"(3, 0)",2197,0,0,0,0
5,5,"(3, 1)",2198,0,0,0,0
5,5,"(3, 2)",2200,0,0,1,120
5,5,"(3, 3)",2198,0,0,0,0
5,5,"(3, 4)",2198,0,0,0,0
5,5,"(3, 5)",2196,0,0,0,0
5,5,"(3, 6)",2200,0,0,1,185
5,5,"(3, 7)",2193,1,37,0,0
5,5,"(3, 8)",2200,0,0,0,0
5,5,"(3, 9)",2200,0,0,1,120
5,5,"(4, 0)",2200,0,0,0,0
5,5,"(4, 1)",2196,0,0,0,0
5,5,"(4, 2)",2193,0,0,0,0
5,5,"(4, 3)",2192,0,0,0,0
5,5,"(4, 4)",2190,0,0,0,0
5,5,"(4, 5)",2193,0,0,0,0
5,5,"(4, 6)",2190,1,39,0,0
5,5,"(4, 7)",2196,1,38,0,0
5,5,"(4, 8)",2200,0,0,0,0
5,5,"(4, 9)",2200,0,0,0,0
5,5,"(5, 0)",2200,0,0,0,0
5,5,"(5, 1)",2193,0,0,0,0
5,5,"(5, 2)",2189,3,116,0,0
5,5,"(5, 3)",2192,1,37,0,0
5,5,"(5, 4)",2194,1,39,0,0
5,5,"(5, 5)",2194,0,0,0,0
5,5,"(5, 6)",2198,0,0,0,0
5,5,"(5, 7)",2197,0,0,0,0
5,5,"(5, 8)",2193,0,0,0,0
5,5,"(5, 9)",2198,0,0,0,0
5,5,"(6, 0)",2200,0,0,0,0
5,5,"(6, 1)",2198,0,0,0,0
5,5,"(6, 2)",2195,0,0,0,0
5,5,"(6, 3)",2198,0,0,0,0
5,5,"(6, 4)",2192,0,0,0,0
5,5,"(6, 5)",2196,1,37,0,0
5,5,"(6, 6)",2198,0,0,0,0
5,5,"(6, 7)",2200,0,0,0,0
5,5,"(6, 8)",2195,0,0,0,0
5,5,"(6, 9)",2188,1,37,0,0
5,5,"(7, 0)",2200,0,0,0,0
5,5,"(7, 1)",2195,1,37,0,0
5,5,"(7, 2)",2197,0,0,0,0
5,5,"(7, 3)",2198,0,0,0,0
5,5,"(7, 4)",2200,0,0,0,0
5,5,"(7, 5)",2195,0,0,0,0
5,5,"(7, 6)",2196,1,36,0,0
5,5,"(7, 7)",2198,0,0,0,0
5,5,"(7, 8)",2196,0,0,0,0
5,5,"(7, 9)",2198,1,38,0,0
6,6,"(0, 0)",2196,0,0,0,0
6,6,"(0, 1)",2200,2,73,0,0
6,6,"(0, 2)",2198,0,0,0,0
6,6,"(0, 3)",2198,1,36,0,0
6,6,"(0, 4)",2192,0,0,0,0
6,6,"(0, 5)",2198,1,35,0,0
6,6,"(0, 6)",2200,0,0,0,0
6,6,"(0, 7)",2200,0,0,0,0
6,6,"(0, 8)",2200,0,0,0,0
6,6,"(0, 9)",2200,0,0,0,0
6,6,"(1, 0)",2195,0,0,0,0
6,6,"(1, 1)",2194,0,0,0,0
6,6,"(1, 2)",2200,0,0,0,0
6,6,"(1, 3)",2191,0,0,0,0
6,6,"(1, 4)",2194,0,0,0,0
6,6,"(1, 5)",2196,0,0,0,0
6,6,"(1, 6)",2200,0,0,0,0
6,6,"(1, 7)",2200,0,0,0,0
6,6,"(1, 8)",2200,0,0,0,0
6,6,"(1, 9)",2200,0,0,0,0
6,6,"(2, 0)",2197,0,0,0,0
6,6,"(2, 1)",2195,0,0,0,0
6,6,"(2, 2)",2200,1,35,0,0
6,6,"(2, 3)",2200,0,0,0,0
6,6,"(2, 4)",2196,0,0,0,0
6,6,"(2, 5)",2198,0,0,0,0
6,6,"(2, 6)",2198,1,36,0,0
6,6,"(2, 7)",2198,0,0,0,0
6,6,"(2, 8)",2198,0,0,0,0
6,6,"(2, 9)",2200,0,0,0,0
6,6,"(3, 0)",2197,0,0,0,0
6,6,"(3, 1)",2198,0,0,0,0
6,6,"(3, 2)",2200,0,0,0,0
6,6,"(3, 3)",2198,0,0,1,120
6,6,"(3, 4)",2198,0,0,0,0
6,6,"(3, 5)",2196,0,0,0,0
6,6,"(3, 6)",2200,0,0,0,0
6,6,"(3, 7)",2193,1,37,0,0
6,6,"(3, 8)",2200,0,0,1,120
6,6,"(3, 9)",2200,0,0,0,0
6,6,"(4, 0)",2200,0,0,0,0
6,6,"(4, 1)",2196,0,0,0,0
6,6,"(4, 2)",2193,0,0,0,0
6,6,"(4, 3)",2192,0,0,0,0
6,6,"(4, 4)",2190,1,38,0,0
6,6,"(4, 5)",2193,0,0,1,185
6,6,"(4, 6)",2190,0,0,0,0
6,6,"(4, 7)",2196,0,0,0,0
6,6,"(4, 8)",2200,0,0,0,0
6,6,"(4, 9)",2200,0,0,0,0
6,6,"(5, 0)",2200,0,0,0,0
6,6,"(5, 1)",2193,0,0,0,0
6,6,"(5, 2)",2189,1,38,0,0
6,6,"(5, 3)",2192,0,0,0,0
6,6,"(5, 4)",2194,1,36,0,0
6,6,"(5, 5)",2194,1,38,0,0
6,6,"(5, 6)",2198,0,0,0,0
6,6,"(5, 7)",2197,0,0,0,0
6,6,"(5, 8)",2193,0,0,0,0
6,6,"(5, 9)",2198,1,36,0,0
6,6,"(6, 0)",2200,0,0,0,0
6,6,"(6, 1)",2198,0,0,0,0
6,6,"(6, 2)",2195,2,75,0,0
6,6,"(6, 3)",2198,0,0,0,0
6,6,"(6, 4)",2192,0,0,0,0
6,6,"(6, 5)",2196,0,0,0,0
6,6,"(6, 6)",2198,0,0,0,0
6,6,"(6, 7)",2200,0,0,0,0
6,6,"(6, 8)",2195,1,37,0,0
6,6,"(6, 9)",2188,0,0,0,0
6,6,"(7, 0)",2200,0,0,0,0
6,6,"(7, 1)",2195,0,0,0,0
6,6,"(7, 2)",2197,1,36,0,0
6,6,"(7, 3)",2198,0,0,0,0
6,6,"(7, 4)",2200,0,0,0,0
6,6,"(7, 5)",2195,1,36,0,0
6,6,"(7, 6)",2196,1,35,0,0
6,6,"(7, 7)",2198,0,0,0,0
6,6,"(7, 8)",2196,0,0,0,0
6,6,"(7, 9)",2198,0,0,0,0
7,7,"(0, 0)",2196,0,0,0,0
7,7,"(0, 1)",2200,1,36,0,0
7,7,"(0, 2)",2198,0,0,0,0
7,7,"(0, 3)",2198,0,0,0,0
7,7,"(0, 4)",2192,0,0,0,0
7,7,"(0, 5)",2198,0,0,0,0
7,7,"(0, 6)",2200,0,0,0,0
7,7,"(0, 7)",2200,0,0,0,0
7,7,"(0, 8)",2200,0,0,0,0
7,7,"(0, 9)",2200,0,0,0,0
7,7,"(1, 0)",2195,0,0,0,0
7,7,"(1, 1)",2194,1,35,0,0
7,7,"(1, 2)",2200,0,0,0,0
7,7,"(1, 3)",2191,0,0,0,0
7,7,"(1, 4)",2194,1,35,0,0
7,7,"(1, 5)",2196,1,34,0,0
7,7,"(1, 6)",2200,0,0,0,0
7,7,"(1, 7)",2200,0,0,0,0
7,7,"(1, 8)",2200,0,0,0,0
7,7,"(1, 9)",2200,0,0,0,0
7,7,"(2, 0)",2197,0,0,0,0
7,7,"(2, 1)",2195,0,0,0,0
7,7,"(2, 2)",2200,0,0,1,120
7,7,"(2, 3)",2200,0,0,0,0
7,7,"(2, 4)",2196,0,0,0,0
7,7,"(2, 5)",2198,1,35,0,0
7,7,"(2, 6)",2198,0,0,0,0
7,7,"(2, 7)",2198,0,0,0,0
7,7,"(2, 8)",2198,0,0,0,0
7,7,"(2, 9)",2200,0,0,0,0
7,7,"(3, 0)",2197,0,0,0,0
7,7,"(3, 1)",2198,0,0,0,0
7,7,"(3, 2)",2200,0,0,0,0
7,7,"(3, 3)",2198,1,34,0,0
7,7,"(3, 4)",2198,0,0,0,0
7,7,"(3, 5)",2196,0,0,1,185
7,7,"(3, 6)",2200,0,0,0,0
7,7,"(3, 7)",2193,1,36,0,0
7,7,"(3, 8)",2200,0,0,0,0
7,7,"(3, 9)",2200,0,0,0,0
7,7,"(4, 0)",2200,0,0,0,0
7,7,"(4, 1)",2196,0,0,0,0
7,7,"(4, 2)",2193,0,0,0,0
7,7,"(4, 3)",2192,0,0,0,0
7,7,"(4, 4)",2190,0,0,0,0
7,7,"(4, 5)",2193,0,0,0,0
7,7,"(4, 6)",2190,0,0,0,0
7,7,"(4, 7)",2196,0,0,0,0
7,7,"(4, 8)",2200,0,0,1,120
7,7,"(4, 9)",2200,0,0,0,0
7,7,"(5, 0)",2200,0,0,0,0
7,7,"(5, 1)",2193,0,0,0,0
7,7,"(5, 2)",2189,0,0,0,0
7,7,"(5, 3)",2192,0,0,0,0
7,7,"(5, 4)",2194,0,0,0,0
7,7,"(5, 5)",2194,1,37,0,0
7,7,"(5, 6)",2198,0,0,0,0
7,7,"(5, 7)",2197,0,0,0,0
7,7,"(5, 8)",2193,1,35,0,0
7,7,"(5, 9)",2198,1,36,0,0
7,7,"(6, 0)",2200,0,0,0,0
7,7,"(6, 1)",2198,2,72,0,0
7,7,"(6, 2)",2195,1,37,0,0
7,7,"(6, 3)",2198,1,36,0,0
7,7,"(6, 4)",2192,1,37,0,0
7,7,"(6, 5)",2196,1,35,0,0
7,7,"(6, 6)",2198,0,0,0,0
7,7,"(6, 7)",2200,1,34,0,0
7,7,"(6, 8)",2195,0,0,0,0
7,7,"(6, 9)",2188,0,0,0,0
7,7,"(7, 0)",2200,0,0,0,0
7,7,"(7, 1)",2195,0,0,0,0
7,7,"(7, 2)",2197,0,0,0,0
7,7,"(7, 3)",2198,0,0,0,0
7,7,"(7, 4)",2200,0,0,0,0
7,7,"(7, 5)",2195,0,0,0,0
7,7,"(7, 6)",2196,1,35,0,0
7,7,"(7, 7)",2198,0,0,0,0
7,7,"(7, 8)",2196,0,0,0,0
7,7,"(7, 9)",2198,0,0,0,0
8,8,"(0, 0)",2196,0,0,0,0
8,8,"(0, 1)",2200,0,0,0,0
8,8,"(0, 2)",2198,1,34,0,0
8,8,"(0, 3)",2198,0,0,0,0
8,8,"(0, 4)",2192,0,0,0,0
8,8,"(0, 5)",2198,0,0,0,0
8,8,"(0, 6)",2200,1,33,0,0
8,8,"(0, 7)",2200,0,0,0,0
8,8,"(0, 8)",2200,0,0,0,0
8,8,"(0, 9)",2200,0,0,0,0
8,8,"(1, 0)",2195,1,35,0,0
8,8,"(1, 1)",2194,0,0,0,0
8,8,"(1, 2)",2200,0,0,0,0
8,8,"(1, 3)",2191,0,0,0,0
8,8,"(1, 4)",2194,0,0,0,0
8,8,"(1, 5)",2196,0,0,0,0
8,8,"(1, 6)",2200,0,0,0,0
8,8,"(1, 7)",2200,0,0,0,0
8,8,"(1, 8)",2200,0,0,0,0
8,8,"(1, 9)",2200,0,0,0,0
8,8,"(2, 0)",2197,0,0,0,0
8,8,"(2, 1)",2195,0,0,0,0
8,8,"(2, 2)",2200,0,0,1,120
8,8,"(2, 3)",2200,1,34,0,0
8,8,"(2, 4)",2196,1,34,0,0
8,8,"(2, 5)",2198,0,0,0,0
8,8,"(2, 6)",2198,0,0,0,0
8,8,"(2, 7)",2198,0,0,0,0
8,8,"(2, 8)",2198,1,35,0,0
8,8,"(2, 9)",2200,0,0,0,0
8,8,"(3, 0)",2197,0,0,0,0
8,8,"(3, 1)",2198,0,0,0,0
8,8,"(3, 2)",2200,0,0,0,0
8,8,"(3, 3)",2198,0,0,0,0
8,8,"(3, 4)",2198,0,0,0,0
8,8,"(3, 5)",2196,0,0,0,0
8,8,"(3, 6)",2200,0,0,0,0
8,8,"(3, 7)",2193,0,0,0,0
8,8,"(3, 8)",2200,0,0,0,0
8,8,"(3, 9)",2200,0,0,0,0
8,8,"(4, 0)",2200,0,0,0,0
8,8,"(4, 1)",2196,0,0,0,0
8,8,"(4, 2)",2193,1,33,0,0
8,8,"(4, 3)",2192,0,0,0,0
8,8,"(4, 4)",2190,0,0,0,0
8,8,"(4, 5)",2193,0,0,1,185
8,8,"(4, 6)",2190,0,0,0,0
8,8,"(4, 7)",2196,1,34,0,0
8,8,"(4, 8)",2200,0,0,0,0
8,8,"(4, 9)",2200,0,0,0,0
8,8,"(5, 0)",2200,0,0,0,0
8,8,"(5, 1)",2193,1,36,0,0
8,8,"(5, 2)",2189,0,0,0,0
8,8,"(5, 3)",2192,0,0,0,0
8,8,"(5, 4)",2194,1,36,0,0
8,8,"(5, 5)",2194,0,0,0,0
8,8,"(5, 6)",2198,0,0,0,0
8,8,"(5, 7)",2197,0,0,1,120
8,8,"(5, 8)",2193,0,0,0,0
8,8,"(5, 9)",2198,1,35,0,0
8,8,"(6, 0)",2200,0,0,0,0
8,8,"(6, 1)",2198,1,34,0,0
8,8,"(6, 2)",2195,1,36,0,0
8,8,"(6, 3)",2198,0,0,0,0
8,8,"(6, 4)",2192,1,35,0,0
8,8,"(6, 5)",2196,2,70,0,0
8,8,"(6, 6)",2198,0,0,0,0
8,8,"(6, 7)",2200,0,0,0,0
8,8,"(6, 8)",2195,0,0,0,0
8,8,"(6, 9)",2188,0,0,0,0
8,8,"(7, 0)",2200,0,0,0,0
8,8,"(7, 1)",2195,0,0,0,0
8,8,"(7, 2)",2197,0,0,0,0
8,8,"(7, 3)",2198,0,0,0,0
8,8,"(7, 4)",2200,0,0,0,0
8,8,"(7, 5)",2195,0,0,0,0
8,8,"(7, 6)",2196,2,67,0,0
8,8,"(7, 7)",2198,0,0,0,0
8,8,"(7, 8)",2196,0,0,0,0
8,8,"(7, 9)",2198,0,0,0,0
9,9,"(0, 0)",2196,0,0,0,0
9,9,"(0, 1)",2200,1,34,0,0
9,9,"(0, 2)",2198,0,0,0,0
9,9,"(0, 3)",2198,0,0,0,0
9,9,"(0, 4)",2192,0,0,0,0
9,9,"(0, 5)",2198,0,0,0,0
9,9,"(0, 6)",2200,0,0,0,0
9,9,"(0, 7)",2200,0,0,0,0
9,9,"(0, 8)",2200,0,0,0,0
9,9,"(0, 9)",2200,0,0,0,0
9,9,"(1, 0)",2195,0,0,0,0
9,9,"(1, 1)",2194,1,33,0,0
9,9,"(1, 2)",2200,0,0,0,0
9,9,"(1, 3)",2191,0,0,0,0
9,9,"(1, 4)",2194,0,0,0,0
9,9,"(1, 5)",2196,1,32,0,0
9,9,"(1, 6)",2200,0,0,0,0
9,9,"(1, 7)",2200,0,0,0,0
9,9,"(1, 8)",2200,1,34,0,0
9,9,"(1, 9)",2200,0,0,0,0
9,9,"(2, 0)",2197,0,0,0,0
9,9,"(2, 1)",2195,0,0,0,0
9,9,"(2, 2)",2200,0,0,1,120
9,9,"(2, 3)",2200,1,33,0,0
9,9,"(2, 4)",2196,0,0,0,0
9,9,"(2, 5)",2198,0,0,0,0
9,9,"(2, 6)",2198,0,0,0,0
9,9,"(2, 7)",2198,0,0,0,0
9,9,"(2, 8)",2198,0,0,0,0
9,9,"(2, 9)",2200,0,0,0,0
9,9,"(3, 0)",2197,0,0,0,0
9,9,"(3, 1)",2198,0,0,0,0
9,9,"(3, 2)",2200,1,33,0,0
9,9,"(3, 3)",2198,0,0,0,0
9,9,"(3, 4)",2198,0,0,0,0
9,9,"(3, 5)",2196,0,0,0,0
9,9,"(3, 6)",2200,0,0,0,0
9,9,"(3, 7)",2193,0,0,0,0
9,9,"(3, 8)",2200,0,0,0,0
9,9,"(3, 9)",2200,0,0,0,0
9,9,"(4, 0)",2200,0,0,0,0
9,9,"(4, 1)",2196,1,35,0,0
9,9,"(4, 2)",2193,0,0,0,0
9,9,"(4, 3)",2192,0,0,0,0
9,9,"(4, 4)",2190,0,0,0,0
9,9,"(4, 5)",2193,0,0,0,0
9,9,"(4, 6)",2190,0,0,0,0
9,9,"(4, 7)",2196,1,33,0,0
9,9,"(4, 8)",2200,0,0,0,0
9,9,"(4, 9)",2200,0,0,0,0
9,9,"(5, 0)",2200,0,0,0,0
9,9,"(5, 1)",2193,1,32,0,0
9,9,"(5, 2)",2189,0,0,0,0
9,9,"(5, 3)",2192,0,0,0,0
9,9,"(5, 4)",2194,1,35,0,0
9,9,"(5, 5)",2194,0,0,0,0
9,9,"(5, 6)",2198,0,0,1,185
9,9,"(5, 7)",2197,0,0,0,0
9,9,"(5, 8)",2193,1,34,0,0
9,9,"(5, 9)",2198,0,0,0,0
9,9,"(6, 0)",2200,0,0,0,0
9,9,"(6, 1)",2198,0,0,0,0
9,9,"(6, 2)",2195,0,0,0,0
9,9,"(6, 3)",2198,1,34,0,0
9,9,"(6, 4)",2192,1,35,0,0
9,9,"(6, 5)",2196,1,33,0,0
9,9,"(6, 6)",2198,0,0,0,0
9,9,"(6, 7)",2200,0,0,1,120
9,9,"(6, 8)",2195,0,0,0,0
9,9,"(6, 9)",2188,0,0,0,0
9,9,"(7, 0)",2200,0,0,0,0
9,9,"(7, 1)",2195,0,0,0,0
9,9,"(7, 2)",2197,2,68,0,0
9,9,"(7, 3)",2198,0,0,0,0
9,9,"(7, 4)",2200,0,0,0,0
9,9,"(7, 5)",2195,1,32,0,0
9,9,"(7, 6)",2196,1,33,0,0
9,9,"(7, 7)",2198,0,0,0,0
9,9,"(7, 8)",2196,0,0,0,0
9,9,"(7, 9)",2198,0,0,0,0
10,10,"(0, 0)",2196,0,0,0,0
10,10,"(0, 1)",2200,0,0,0,0
10,10,"(0, 2)",2198,2,65,0,0
10,10,"(0, 3)",2198,0,0,0,0
10,10,"(0, 4)",2192,1,31,0,0
10,10,"(0, 5)",2198,0,0,0,0
10,10,"(0, 6)",2200,0,0,0,0
10,10,"(0, 7)",2200,0,0,0,0
10,10,"(0, 8)",2200,0,0,0,0
10,10,"(0, 9)",2200,0,0,0,0
10,10,"(1, 0)",2195,0,0,0,0
10,10,"(1, 1)",2194,0,0,0,0
10,10,"(1, 2)",2200,1,32,0,0
10,10,"(1, 3)",2191,0,0,0,0
10,10,"(1, 4)",2194,0,0,0,0
10,10,"(1, 5)",2196,0,0,0,0
10,10,"(1, 6)",2200,0,0,0,0
10,10,"(1, 7)",2200,0,0,0,0
10,10,"(1, 8)",2200,0,0,0,0
10,10,"(1, 9)",2200,1,33,0,0
10,10,"(2, 0)",2197,0,0,0,0
10,10,"(2, 1)",2195,0,0,0,0
10,10,"(2, 2)",2200,0,0,0,0
10,10,"(2, 3)",2200,0,0,1,120
10,10,"(2, 4)",2196,0,0,0,0
10,10,"(2, 5)",2198,0,0,0,0
10,10,"(2, 6)",2198,0,0,0,0
10,10,"(2, 7)",2198,0,0,0,0
10,10,"(2, 8)",2198,0,0,0,0
10,10,"(2, 9)",2200,0,0,0,0
10,10,"(3, 0)",2197,0,0,0,0
10,10,"(3, 1)",2198,1,34,0,0
10,10,"(3, 2)",2200,0,0,0,0
10,10,"(3, 3)",2198,0,0,0,0
10,10,"(3, 4)",2198,0,0,0,0
10,10,"(3, 5)",2196,0,0,0,0
10,10,"(3, 6)",2200,0,0,0,0
10,10,"(3, 7)",2193,0,0,0,0
10,10,"(3, 8)",2200,1,32,0,0
10,10,"(3, 9)",2200,0,0,0,0
10,10,"(4, 0)",2200,0,0,0,0
10,10,"(4, 1)",2196,0,0,0,0
10,10,"(4, 2)",2193,0,0,0,0
10,10,"(4, 3)",2192,1,32,0,0
10,10,"(4, 4)",2190,0,0,0,0
10,10,"(4, 5)",2193,0,0,0,0
10,10,"(4, 6)",2190,0,0,0,0
10,10,"(4, 7)",2196,0,0,0,0
10,10,"(4, 8)",2200,0,0,0,0
10,10,"(4, 9)",2200,0,0,0,0
10,10,"(5, 0)",2200,0,0,0,0
10,10,"(5, 1)",2193,1,31,0,0
10,10,"(5, 2)",2189,0,0,0,0
10,10,"(5, 3)",2192,0,0,0,0
10,10,"(5, 4)",2194,0,0,0,0
10,10,"(5, 5)",2194,1,32,0,0
10,10,"(5, 6)",2198,0,0,0,0
10,10,"(5, 7)",2197,0,0,1,185
10,10,"(5, 8)",2193,0,0,0,0
10,10,"(5, 9)",2198,0,0,0,0
10,10,"(6, 0)",2200,0,0,0,0
10,10,"(6, 1)",2198,0,0,0,0
10,10,"(6, 2)",2195,1,32,0,0
10,10,"(6, 3)",2198,1,34,0,0
10,10,"(6, 4)",2192,0,0,0,0
10,10,"(6, 5)",2196,0,0,0,0
10,10,"(6, 6)",2198,0,0,0,0
10,10,"(6, 7)",2200,1,32,0,0
10,10,"(6, 8)",2195,1,33,0,0
10,10,"(6, 9)",2188,0,0,0,0
10,10,"(7, 0)",2200,0,0,0,0
10,10,"(7, 1)",2195,0,0,0,0
10,10,"(7, 2)",2197,1,34,0,0
10,10,"(7, 3)",2198,1,34,0,0
10,10,"(7, 4)",2200,1,33,0,0
10,10,"(7, 5)",2195,0,0,0,0
10,10,"(7, 6)",2196,1,31,0,0
10,10,"(7, 7)",2198,0,0,0,0
10,10,"(7, 8)",2196,0,0,1,120
10,10,"(7, 9)",2198,0,0,0,0
11,11,"(0, 0)",2196,0,0,0,0
11,11,"(0, 1)",2200,0,0,0,0
11,11,"(0, 2)",2198,1,31,0,0
11,11,"(0, 3)",2198,2,63,0,0
11,11,"(0, 4)",2192,0,0,0,0
11,11,"(0, 5)",2198,1,30,0,0
11,11,"(0, 6)",2200,0,0,0,0
11,11,"(0, 7)",2200,0,0,0,0
11,11,"(0, 8)",2200,0,0,0,0
11,11,"(0, 9)",2200,0,0,0,0
11,11,"(1, 0)",2195,0,0,0,0
11,11,"(1, 1)",2194,0,0,0,0
11,11,"(1, 2)",2200,0,0,0,0
11,11,"(1, 3)",2191,0,0,0,0
11,11,"(1, 4)",2194,0,0,0,0
11,11,"(1, 5)",2196,0,0,0,0
11,11,"(1, 6)",2200,0,0,0,0
11,11,"(1, 7)",2200,0,0,0,0
11,11,"(1, 8)",2200,1,32,0,0
11,11,"(1, 9)",2200,0,0,0,0
11,11,"(2, 0)",2197,0,0,0,0
11,11,"(2, 1)",2195,1,33,0,0
11,11,"(2, 2)",2200,0,0,0,0
11,11,"(2, 3)",2200,0,0,0,0
11,11,"(2, 4)",2196,0,0,0,0
11,11,"(2, 5)",2198,0,0,0,0
11,11,"(2, 6)",2198,0,0,0,0
11,11,"(2, 7)",2198,0,0,0,0
11,11,"(2, 8)",2198,0,0,0,0
11,11,"(2, 9)",2200,0,0,0,0
11,11,"(3, 0)",2197,0,0,0,0
11,11,"(3, 1)",2198,0,0,0,0
11,11,"(3, 2)",2200,1,31,0,0
11,11,"(3, 3)",2198,0,0,1,120
11,11,"(3, 4)",2198,0,0,0,0
11,11,"(3, 5)",2196,0,0,0,0
11,11,"(3, 6)",2200,0,0,0,0
11,11,"(3, 7)",2193,0,0,0,0
11,11,"(3, 8)",2200,0,0,0,0
11,11,"(3, 9)",2200,0,0,0,0
11,11,"(4, 0)",2200,0,0,0,0
11,11,"(4, 1)",2196,0,0,0,0
11,11,"(4, 2)",2193,0,0,0,0
11,11,"(4, 3)",2192,0,0,0,0
11,11,"(4, 4)",2190,0,0,0,0
11,11,"(4, 5)",2193,0,0,0,0
11,11,"(4, 6)",2190,0,0,0,0
11,11,"(4, 7)",2196,0,0,1,185
11,11,"(4, 8)",2200,1,31,0,0
11,11,"(4, 9)",2200,0,0,0,0
11,11,"(5, 0)",2200,0,0,0,0
11,11,"(5, 1)",2193,0,0,0,0
11,11,"(5, 2)",2189,0,0,0,0
11,11,"(5, 3)",2192,0,0,0,0
11,11,"(5, 4)",2194,0,0,0,0
11,11,"(5, 5)",2194,0,0,0,0
11,11,"(5, 6)",2198,0,0,0,0
11,11,"(5, 7)",2197,0,0,0,0
11,11,"(5, 8)",2193,0,0,0,0
11,11,"(5, 9)",2198,0,0,0,0
11,11,"(6, 0)",2200,0,0,0,0
11,11,"(6, 1)",2198,0,0,0,0
11,11,"(6, 2)",2195,1,30,0,0
11,11,"(6, 3)",2198,1,33,0,0
11,11,"(6, 4)",2192,0,0,0,0
11,11,"(6, 5)",2196,1,31,0,0
11,11,"(6, 6)",2198,1,30,0,0
11,11,"(6, 7)",2200,1,32,0,0
11,11,"(6, 8)",2195,0,0,0,0
11,11,"(6, 9)",2188,0,0,1,120
11,11,"(7, 0)",2200,0,0,0,0
11,11,"(7, 1)",2195,2,64,0,0
11,11,"(7, 2)",2197,0,0,0,0
11,11,"(7, 3)",2198,0,0,0,0
11,11,"(7, 4)",2200,2,65,0,0
11,11,"(7, 5)",2195,0,0,0,0
11,11,"(7, 6)",2196,0,0,0,0
11,11,"(7, 7)",2198,0,0,0,0
11,11,"(7, 8)",2196,1,31,0,0
11,11,"(7, 9)",2198,0,0,0,0
12,12,"(0, 0)",2196,0,0,0,0
12,12,"(0, 1)",2200,0,0,0,0
12,12,"(0, 2)",2198,0,0,0,0
12,12,"(0, 3)",2198,1,30,0,0
12,12,"(0, 4)",2192,0,0,0,0
12,12,"(0, 5)",2198,0,0,0,0
12,12,"(0, 6)",2200,1,29,0,0
12,12,"(0, 7)",2200,1,31,0,0
12,12,"(0, 8)",2200,0,0,0,0
12,12,"(0, 9)",2200,0,0,0,0
12,12,"(1, 0)",2195,0,0,0,0
12,12,"(1, 1)",2194,0,0,0,0
12,12,"(1, 2)",2200,1,30,0,0
12,12,"(1, 3)",2191,1,31,0,0
12,12,"(1, 4)",2194,0,0,0,0
12,12,"(1, 5)",2196,0,0,0,0
12,12,"(1, 6)",2200,0,0,0,0
12,12,"(1, 7)",2200,0,0,0,0
12,12,"(1, 8)",2200,0,0,0,0
12,12,"(1, 9)",2200,0,0,0,0
12,12,"(2, 0)",2197,0,0,0,0
12,12,"(2, 1)",2195,0,0,0,0
12,12,"(2, 2)",2200,0,0,0,0
12,12,"(2, 3)",2200,0,0,0,0
12,12,"(2, 4)",2196,0,0,1,120
12,12,"(2, 5)",2198,0,0,0,0
12,12,"(2, 6)",2198,0,0,0,0
12,12,"(2, 7)",2198,0,0,0,0
12,12,"(2, 8)",2198,0,0,0,0
12,12,"(2, 9)",2200,0,0,0,0
12,12,"(3, 0)",2197,0,0,0,0
12,12,"(3, 1)",2198,0,0,0,0
12,12,"(3, 2)",2200,1,32,0,0
12,12,"(3, 3)",2198,0,0,0,0
12,12,"(3, 4)",2198,0,0,0,0
12,12,"(3, 5)",2196,0,0,0,0
12,12,"(3, 6)",2200,0,0,0,0
12,12,"(3, 7)",2193,0,0,0,0
12,12,"(3, 8)",2200,0,0,0,0
12,12,"(3, 9)",2200,0,0,0,0
12,12,"(4, 0)",2200,0,0,0,0
12,12,"(4, 1)",2196,0,0,0,0
12,12,"(4, 2)",2193,0,0,0,0
12,12,"(4, 3)",2192,1,30,0,0
12,12,"(4, 4)",2190,0,0,0,0
12,12,"(4, 5)",2193,0,0,0,0
12,12,"(4, 6)",2190,0,0,1,185
12,12,"(4, 7)",2196,1,30,0,0
12,12,"(4, 8)",2200,0,0,0,0
12,12,"(4, 9)",2200,0,0,0,0
12,12,"(5, 0)",2200,0,0,0,0
12,12,"(5, 1)",2193,0,0,0,0
12,12,"(5, 2)",2189,0,0,0,0
12,12,"(5, 3)",2192,1,29,0,0
12,12,"(5, 4)",2194,0,0,0,0
12,12,"(5, 5)",2194,0,0,0,0
12,12,"(5, 6)",2198,0,0,0,0
12,12,"(5, 7)",2197,0,0,0,0
12,12,"(5, 8)",2193,0,0,0,0
12,12,"(5, 9)",2198,0,0,0,0
12,12,"(6, 0)",2200,0,0,0,0
12,12,"(6, 1)",2198,0,0,0,0
12,12,"(6, 2)",2195,0,0,0,0
12,12,"(6, 3)",2198,1,32,0,0
12,12,"(6, 4)",2192,1,30,0,0
12,12,"(6, 5)",2196,0,0,0,0
12,12,"(6, 6)",2198,0,0,0,0
12,12,"(6, 7)",2200,0,0,0,0
12,12,"(6, 8)",2195,2,61,0,0
12,12,"(6, 9)",2188,0,0,0,0
12,12,"(7, 0)",2200,0,0,0,0
12,12,"(7, 1)",2195,1,32,0,0
12,12,"(7, 2)",2197,1,30,0,0
12,12,"(7, 3)",2198,0,0,0,0
12,12,"(7, 4)",2200,2,63,0,0
12,12,"(7, 5)",2195,1,29,0,0
12,12,"(7, 6)",2196,0,0,0,0
12,12,"(7, 7)",2198,0,0,0,0
12,12,"(7, 8)",2196,0,0,0,0
12,12,"(7, 9)",2198,0,0,1,120
13,13,"(0, 0)",2196,0,0,0,0
13,13,"(0, 1)",2200,1,29,0,0
13,13,"(0, 2)",2198,1,29,0,0
13,13,"(0, 3)",2198,0,0,0,0
13,13,"(0, 4)",2192,0,0,0,0
13,13,"(0, 5)",2198,0,0,0,0
13,13,"(0, 6)",2200,1,30,0,0
13,13,"(0, 7)",2200,1,28,0,0
13,13,"(0, 8)",2200,0,0,0,0
13,13,"(0, 9)",2200,0,0,0,0
13,13,"(1, 0)",2195,0,0,0,0
13,13,"(1, 1)",2194,0,0,0,0
13,13,"(1, 2)",2200,0,0,0,0
13,13,"(1, 3)",2191,0,0,0,0
13,13,"(1, 4)",2194,0,0,0,0
13,13,"(1, 5)",2196,0,0,0,0
13,13,"(1, 6)",2200,0,0,0,0
13,13,"(1, 7)",2200,0,0,0,0
13,13,"(1, 8)",2200,0,0,0,0
13,13,"(1, 9)",2200,0,0,0,0
13,13,"(2, 0)",2197,0,0,0,0
13,13,"(2, 1)",2195,0,0,0,0
13,13,"(2, 2)",2200,1,30,0,0
13,13,"(2, 3)",2200,0,0,0,0
13,13,"(2, 4)",2196,0,0,0,0
13,13,"(2, 5)",2198,0,0,1,120
13,13,"(2, 6)",2198,0,0,0,0
13,13,"(2, 7)",2198,0,0,0,0
13,13,"(2, 8)",2198,0,0,0,0
13,13,"(2, 9)",2200,0,0,0,0
13,13,"(3, 0)",2197,0,0,0,0
13,13,"(3, 1)",2198,0,0,0,0
13,13,"(3, 2)",2200,0,0,0,0
13,13,"(3, 3)",2198,0,0,0,0
13,13,"(3, 4)",2198,0,0,0,0
13,13,"(3, 5)",2196,0,0,0,0
13,13,"(3, 6)",2200,1,29,0,0
13,13,"(3, 7)",2193,0,0,0,0
13,13,"(3, 8)",2200,0,0,0,0
13,13,"(3, 9)",2200,0,0,0,0
13,13,"(4, 0)",2200,0,0,0,0
13,13,"(4, 1)",2196,1,31,0,0
13,13,"(4, 2)",2193,0,0,0,0
13,13,"(4, 3)",2192,0,0,0,0
13,13,"(4, 4)",2190,0,0,0,0
13,13,"(4, 5)",2193,0,0,0,0
13,13,"(4, 6)",2190,0,0,1,185
13,13,"(4, 7)",2196,0,0,0,0
13,13,"(4, 8)",2200,0,0,0,0
13,13,"(4, 9)",2200,0,0,0,0
13,13,"(5, 0)",2200,0,0,0,0
13,13,"(5, 1)",2193,0,0,0,0
13,13,"(5, 2)",2189,0,0,0,0
13,13,"(5, 3)",2192,0,0,0,0
13,13,"(5, 4)",2194,1,29,0,0
13,13,"(5, 5)",2194,0,0,0,0
13,13,"(5, 6)",2198,0,0,0,0
13,13,"(5, 7)",2197,0,0,0,0
13,13,"(5, 8)",2193,0,0,0,0
13,13,"(5, 9)",2198,0,0,0,0
13,13,"(6, 0)",2200,0,0,0,0
13,13,"(6, 1)",2198,0,0,0,0
13,13,"(6, 2)",2195,2,60,0,0
13,13,"(6, 3)",2198,1,28,0,0
13,13,"(6, 4)",2192,0,0,0,0
13,13,"(6, 5)",2196,1,28,0,0
13,13,"(6, 6)",2198,0,0,0,0
13,13,"(6, 7)",2200,0,0,0,0
13,13,"(6, 8)",2195,1,29,0,0
13,13,"(6, 9)",2188,0,0,0,0
13,13,"(7, 0)",2200,1,31,0,0
13,13,"(7, 1)",2195,0,0,0,0
13,13,"(7, 2)",2197,0,0,0,0
13,13,"(7, 3)",2198,0,0,0,0
13,13,"(7, 4)",2200,1,31,0,0
13,13,"(7, 5)",2195,2,59,0,0
13,13,"(7, 6)",2196,0,0,0,0
13,13,"(7, 7)",2198,0,0,0,0
13,13,"(7, 8)",2196,0,0,1,120
13,13,"(7, 9)",2198,1,30,0,0
14,14,"(0, 0)",2196,0,0,0,0
14,14,"(0, 1)",2200,0,0,0,0
14,14,"(0, 2)",2198,0,0,0,0
14,14,"(0, 3)",2198,0,0,0,0
14,14,"(0, 4)",2192,0,0,0,0
14,14,"(0, 5)",2198,0,0,0,0
14,14,"(0, 6)",2200,0,0,0,0
14,14,"(0, 7)",2200,1,29,0,0
14,14,"(0, 8)",2200,0,0,0,0
14,14,"(0, 9)",2200,0,0,0,0
14,14,"(1, 0)",2195,0,0,0,0
14,14,"(1, 1)",2194,0,0,0,0
14,14,"(1, 2)",2200,1,28,0,0
14,14,"(1, 3)",2191,1,28,0,0
14,14,"(1, 4)",2194,0,0,0,0
14,14,"(1, 5)",2196,0,0,1,120
14,14,"(1, 6)",2200,0,0,0,0
14,14,"(1, 7)",2200,0,0,0,0
14,14,"(1, 8)",2200,1,27,0,0
14,14,"(1, 9)",2200,0,0,0,0
14,14,"(2, 0)",2197,0,0,0,0
14,14,"(2, 1)",2195,0,0,0,0
14,14,"(2, 2)",2200,1,29,0,0
14,14,"(2, 3)",2200,0,0,0,0
14,14,"(2, 4)",2196,0,0,0,0
14,14,"(2, 5)",2198,0,0,0,0
14,14,"(2, 6)",2198,0,0,0,0
14,14,"(2, 7)",2198,0,0,0,0
14,14,"(2, 8)",2198,0,0,0,0
14,14,"(2, 9)",2200,0,0,0,0
14,14,"(3, 0)",2197,0,0,0,0
14,14,"(3, 1)",2198,0,0,0,0
14,14,"(3, 2)",2200,0,0,0,0
14,14,"(3, 3)",2198,0,0,0,0
14,14,"(3, 4)",2198,0,0,0,0
14,14,"(3, 5)",2196,0,0,0,0
14,14,"(3, 6)",2200,1,28,0,0
14,14,"(3, 7)",2193,0,0,0,0
14,14,"(3, 8)",2200,0,0,0,0
14,14,"(3, 9)",2200,0,0,0,0
14,14,"(4, 0)",2200,0,0,0,0
14,14,"(4, 1)",2196,0,0,0,0
14,14,"(4, 2)",2193,1,30,0,0
14,14,"(4, 3)",2192,0,0,0,0
14,14,"(4, 4)",2190,0,0,0,0
14,14,"(4, 5)",2193,1,28,1,185
14,14,"(4, 6)",2190,0,0,0,0
14,14,"(4, 7)",2196,0,0,0,0
14,14,"(4, 8)",2200,0,0,0,0
14,14,"(4, 9)",2200,0,0,0,0
14,14,"(5, 0)",2200,0,0,0,0
14,14,"(5, 1)",2193,0,0,0,0
14,14,"(5, 2)",2189,0,0,0,0
14,14,"(5, 3)",2192,1,27,0,0
14,14,"(5, 4)",2194,0,0,0,0
14,14,"(5, 5)",2194,0,0,0,0
14,14,"(5, 6)",2198,0,0,0,0
14,14,"(5, 7)",2197,0,0,0,0
14,14,"(5, 8)",2193,0,0,0,0
14,14,"(5, 9)",2198,0,0,0,0
14,14,"(6, 0)",2200,1,30,0,0
14,14,"(6, 1)",2198,0,0,0,0
14,14,"(6, 2)",2195,1,30,0,0
14,14,"(6, 3)",2198,0,0,0,0
14,14,"(6, 4)",2192,1,27,0,0
14,14,"(6, 5)",2196,1,30,0,0
14,14,"(6, 6)",2198,0,0,0,0
14,14,"(6, 7)",2200,0,0,0,0
14,14,"(6, 8)",2195,0,0,0,0
14,14,"(6, 9)",2188,1,28,0,0
14,14,"(7, 0)",2200,0,0,0,0
14,14,"(7, 1)",2195,1,28,0,0
14,14,"(7, 2)",2197,0,0,0,0
14,14,"(7, 3)",2198,0,0,0,0
14,14,"(7, 4)",2200,1,28,0,0
14,14,"(7, 5)",2195,1,29,0,0
14,14,"(7, 6)",2196,0,0,0,0
14,14,"(7, 7)",2198,0,0,1,120
14,14,"(7, 8)",2196,0,0,0,0
14,14,"(7, 9)",2198,1,29,0,0
15,15,"(0, 0)",2196,0,0,0,0
15,15,"(0, 1)",2200,0,0,0,0
15,15,"(0, 2)",2198,0,0,0,0
15,15,"(0, 3)",2198,0,0,0,0
15,15,"(0, 4)",2192,0,0,0,0
15,15,"(0, 5)",2198,0,0,0,0
15,15,"(0, 6)",2200,0,0,0,0
15,15,"(0, 7)",2200,1,28,0,0
15,15,"(0, 8)",2200,0,0,0,0
15,15,"(0, 9)",2200,0,0,0,0
15,15,"(1, 0)",2195,0,0,0,0
15,15,"(1, 1)",2194,0,0,0,0
15,15,"(1, 2)",2200,1,27,0,0
15,15,"(1, 3)",2191,0,0,0,0
15,15,"(1, 4)",2194,0,0,0,0
15,15,"(1, 5)",2196,0,0,0,0
15,15,"(1, 6)",2200,0,0,0,0
15,15,"(1, 7)",2200,0,0,0,0
15,15,"(1, 8)",2200,0,0,0,0
15,15,"(1, 9)",2200,1,26,0,0
15,15,"(2, 0)",2197,0,0,0,0
15,15,"(2, 1)",2195,0,0,0,0
15,15,"(2, 2)",2200,0,0,0,0
15,15,"(2, 3)",2200,2,55,0,0
15,15,"(2, 4)",2196,0,0,1,120
15,15,"(2, 5)",2198,0,0,0,0
15,15,"(2, 6)",2198,0,0,0,0
15,15,"(2, 7)",2198,0,0,0,0
15,15,"(2, 8)",2198,0,0,0,0
15,15,"(2, 9)",2200,0,0,0,0
15,15,"(3, 0)",2197,0,0,0,0
15,15,"(3, 1)",2198,0,0,0,0
15,15,"(3, 2)",2200,0,0,0,0
15,15,"(3, 3)",2198,1,29,0,0
15,15,"(3, 4)",2198,1,27,0,0
15,15,"(3, 5)",2196,0,0,0,0
15,15,"(3, 6)",2200,0,0,1,185
15,15,"(3, 7)",2193,0,0,0,0
15,15,"(3, 8)",2200,0,0,0,0
15,15,"(3, 9)",2200,0,0,0,0
15,15,"(4, 0)",2200,0,0,0,0
15,15,"(4, 1)",2196,0,0,0,0
15,15,"(4, 2)",2193,0,0,0,0
15,15,"(4, 3)",2192,0,0,0,0
15,15,"(4, 4)",2190,0,0,0,0
15,15,"(4, 5)",2193,0,0,0,0
15,15,"(4, 6)",2190,0,0,0,0
15,15,"(4, 7)",2196,1,27,0,0
15,15,"(4, 8)",2200,0,0,0,0
15,15,"(4, 9)",2200,0,0,0,0
15,15,"(5, 0)",2200,0,0,0,0
15,15,"(5, 1)",2193,1,29,0,0
15,15,"(5, 2)",2189,0,0,0,0
15,15,"(5, 3)",2192,0,0,0,0
15,15,"(5, 4)",2194,0,0,0,0
15,15,"(5, 5)",2194,0,0,0,0
15,15,"(5, 6)",2198,0,0,0,0
15,15,"(5, 7)",2197,0,0,0,0
15,15,"(5, 8)",2193,0,0,0,0
15,15,"(5, 9)",2198,1,27,0,0
15,15,"(6, 0)",2200,2,56,0,0
15,15,"(6, 1)",2198,0,0,0,0
15,15,"(6, 2)",2195,1,26,0,0
15,15,"(6, 3)",2198,0,0,0,0
15,15,"(6, 4)",2192,0,0,0,0
15,15,"(6, 5)",2196,0,0,0,0
15,15,"(6, 6)",2198,0,0,0,0
15,15,"(6, 7)",2200,0,0,1,120
15,15,"(6, 8)",2195,1,28,0,0
15,15,"(6, 9)",2188,0,0,0,0
15,15,"(7, 0)",2200,0,0,0,0
15,15,"(7, 1)",2195,0,0,0,0
15,15,"(7, 2)",2197,0,0,0,0
15,15,"(7, 3)",2198,0,0,0,0
15,15,"(7, 4)",2200,2,53,0,0
15,15,"(7, 5)",2195,1,28,0,0
15,15,"(7, 6)",2196,1,29,0,0
15,15,"(7, 7)",2198,0,0,0,0
15,15,"(7, 8)",2196,0,0,0,0
15,15,"(7, 9)",2198,0,0,0,0
16,16,"(0, 0)",2196,0,0,0,0
16,16,"(0, 1)",2200,0,0,0,0
16,16,"(0, 2)",2198,0,0,0,0
16,16,"(0, 3)",2198,0,0,0,0
16,16,"(0, 4)",2192,0,0,0,0
16,16,"(0, 5)",2198,0,0,0,0
16,16,"(0, 6)",2200,0,0,0,0
16,16,"(0, 7)",2200,0,0,0,0
16,16,"(0, 8)",2200,1,27,0,0
16,16,"(0, 9)",2200,0,0,0,0
16,16,"(1, 0)",2195,0,0,0,0
16,16,"(1, 1)",2194,0,0,0,0
16,16,"(1, 2)",2200,0,0,0,0
16,16,"(1, 3)",2191,0,0,0,0
16,16,"(1, 4)",2194,0,0,0,0
16,16,"(1, 5)",2196,0,0,0,0
16,16,"(1, 6)",2200,0,0,0,0
16,16,"(1, 7)",2200,0,0,0,0
16,16,"(1, 8)",2200,1,25,0,0
16,16,"(1, 9)",2200,0,0,0,0
16,16,"(2, 0)",2197,0,0,0,0
16,16,"(2, 1)",2195,0,0,0,0
16,16,"(2, 2)",2200,2,54,0,0
16,16,"(2, 3)",2200,1,27,0,0
16,16,"(2, 4)",2196,0,0,1,120
16,16,"(2, 5)",2198,0,0,0,0
16,16,"(2, 6)",2198,0,0,0,0
16,16,"(2, 7)",2198,0,0,0,0
16,16,"(2, 8)",2198,0,0,0,0
16,16,"(2, 9)",2200,0,0,0,0
16,16,"(3, 0)",2197,0,0,0,0
16,16,"(3, 1)",2198,0,0,0,0
16,16,"(3, 2)",2200,0,0,0,0
16,16,"(3, 3)",2198,0,0,0,0
16,16,"(3, 4)",2198,1,26,0,0
16,16,"(3, 5)",2196,0,0,0,0
16,16,"(3, 6)",2200,0,0,1,185
16,16,"(3, 7)",2193,0,0,0,0
16,16,"(3, 8)",2200,0,0,0,0
16,16,"(3, 9)",2200,0,0,0,0
16,16,"(4, 0)",2200,0,0,0,0
16,16,"(4, 1)",2196,0,0,0,0
16,16,"(4, 2)",2193,0,0,0,0
16,16,"(4, 3)",2192,0,0,0,0
16,16,"(4, 4)",2190,1,26,0,0
16,16,"(4, 5)",2193,0,0,0,0
16,16,"(4, 6)",2190,0,0,0,0
16,16,"(4, 7)",2196,0,0,0,0
16,16,"(4, 8)",2200,0,0,0,0
16,16,"(4, 9)",2200,0,0,0,0
16,16,"(5, 0)",2200,0,0,0,0
16,16,"(5, 1)",2193,1,25,0,0
16,16,"(5, 2)",2189,0,0,0,0
16,16,"(5, 3)",2192,0,0,0,0
16,16,"(5, 4)",2194,0,0,0,0
16,16,"(5, 5)",2194,0,0,0,0
16,16,"(5, 6)",2198,0,0,0,0
16,16,"(5, 7)",2197,0,0,0,0
16,16,"(5, 8)",2193,2,52,0,0
16,16,"(5, 9)",2198,1,27,0,0
16,16,"(6, 0)",2200,1,26,0,0
16,16,"(6, 1)",2198,0,0,0,0
16,16,"(6, 2)",2195,1,28,0,0
16,16,"(6, 3)",2198,0,0,0,0
16,16,"(6, 4)",2192,0,0,0,0
16,16,"(6, 5)",2196,1,26,0,0
16,16,"(6, 6)",2198,0,0,0,0
16,16,"(6, 7)",2200,1,28,0,0
16,16,"(6, 8)",2195,0,0,1,120
16,16,"(6, 9)",2188,0,0,0,0
16,16,"(7, 0)",2200,1,28,0,0
16,16,"(7, 1)",2195,0,0,0,0
16,16,"(7, 2)",2197,0,0,0,0
16,16,"(7, 3)",2198,0,0,0,0
16,16,"(7, 4)",2200,1,25,0,0
16,16,"(7, 5)",2195,1,27,0,0
16,16,"(7, 6)",2196,0,0,0,0
16,16,"(7, 7)",2198,0,0,0,0
16,16,"(7, 8)",2196,0,0,0,0
16,16,"(7, 9)",2198,0,0,0,0
17,17,"(0, 0)",2196,0,0,0,0
17,17,"(0, 1)",2200,0,0,0,0
17,17,"(0, 2)",2198,0,0,0,0
17,17,"(0, 3)",2198,0,0,0,0
17,17,"(0, 4)",2192,0,0,0,0
17,17,"(0, 5)",2198,0,0,0,0
17,17,"(0, 6)",2200,0,0,0,0
17,17,"(0, 7)",2200,0,0,0,0
17,17,"(0, 8)",2200,0,0,0,0
17,17,"(0, 9)",2200,0,0,0,0
17,17,"(1, 0)",2195,0,0,0,0
17,17,"(1, 1)",2194,0,0,0,0
17,17,"(1, 2)",2200,0,0,0,0
17,17,"(1, 3)",2191,0,0,1,120
17,17,"(1, 4)",2194,0,0,0,0
17,17,"(1, 5)",2196,0,0,0,0
17,17,"(1, 6)",2200,0,0,0,0
17,17,"(1, 7)",2200,0,0,0,0
17,17,"(1, 8)",2200,0,0,0,0
17,17,"(1, 9)",2200,1,26,0,0
17,17,"(2, 0)",2197,0,0,0,0
17,17,"(2, 1)",2195,0,0,0,0
17,17,"(2, 2)",2200,1,27,0,0
17,17,"(2, 3)",2200,1,26,0,0
17,17,"(2, 4)",2196,0,0,0,0
17,17,"(2, 5)",2198,0,0,0,0
17,17,"(2, 6)",2198,0,0,0,0
17,17,"(2, 7)",2198,1,24,0,0
17,17,"(2, 8)",2198,0,0,0,0
17,17,"(2, 9)",2200,0,0,0,0
17,17,"(3, 0)",2197,0,0,0,0
17,17,"(3, 1)",2198,1,25,0,0
17,17,"(3, 2)",2200,0,0,0,0
17,17,"(3, 3)",2198,0,0,0,0
17,17,"(3, 4)",2198,0,0,0,0
17,17,"(3, 5)",2196,0,0,0,0
17,17,"(3, 6)",2200,0,0,0,0
17,17,"(3, 7)",2193,0,0,1,185
17,17,"(3, 8)",2200,0,0,0,0
17,17,"(3, 9)",2200,0,0,0,0
17,17,"(4, 0)",2200,0,0,0,0
17,17,"(4, 1)",2196,0,0,0,0
17,17,"(4, 2)",2193,0,0,0,0
17,17,"(4, 3)",2192,0,0,0,0
17,17,"(4, 4)",2190,0,0,0,0
17,17,"(4, 5)",2193,1,25,0,0
17,17,"(4, 6)",2190,0,0,0,0
17,17,"(4, 7)",2196,0,0,0,0
17,17,"(4, 8)",2200,0,0,0,0
17,17,"(4, 9)",2200,1,26,0,0
17,17,"(5, 0)",2200,0,0,0,0
17,17,"(5, 1)",2193,1,25,0,0
17,17,"(5, 2)",2189,0,0,0,0
17,17,"(5, 3)",2192,2,52,0,0
17,17,"(5, 4)",2194,0,0,0,0
17,17,"(5, 5)",2194,0,0,0,0
17,17,"(5, 6)",2198,0,0,0,0
17,17,"(5, 7)",2197,0,0,0,0
17,17,"(5, 8)",2193,2,52,1,120
17,17,"(5, 9)",2198,0,0,0,0
17,17,"(6, 0)",2200,0,0,0,0
17,17,"(6, 1)",2198,1,27,0,0
17,17,"(6, 2)",2195,1,24,0,0
17,17,"(6, 3)",2198,0,0,0,0
17,17,"(6, 4)",2192,0,0,0,0
17,17,"(6, 5)",2196,1,24,0,0
17,17,"(6, 6)",2198,1,26,0,0
17,17,"(6, 7)",2200,0,0,0,0
17,17,"(6, 8)",2195,0,0,0,0
17,17,"(6, 9)",2188,1,25,0,0
17,17,"(7, 0)",2200,0,0,0,0
17,17,"(7, 1)",2195,0,0,0,0
17,17,"(7, 2)",2197,0,0,0,0
17,17,"(7, 3)",2198,0,0,0,0
17,17,"(7, 4)",2200,0,0,0,0
17,17,"(7, 5)",2195,1,25,0,0
17,17,"(7, 6)",2196,0,0,0,0
17,17,"(7, 7)",2198,0,0,0,0
17,17,"(7, 8)",2196,0,0,0,0
17,17,"(7, 9)",2198,0,0,0,0
18,18,"(0, 0)",2196,0,0,0,0
18,18,"(0, 1)",2200,0,0,0,0
18,18,"(0, 2)",2198,0,0,0,0
18,18,"(0, 3)",2198,0,0,0,0
18,18,"(0, 4)",2192,0,0,0,0
18,18,"(0, 5)",2198,0,0,0,0
18,18,"(0, 6)",2200,0,0,0,0
18,18,"(0, 7)",2200,0,0,0,0
18,18,"(0, 8)",2200,0,0,0,0
18,18,"(0, 9)",2200,0,0,0,0
18,18,"(1, 0)",2195,0,0,0,0
18,18,"(1, 1)",2194,0,0,0,0
18,18,"(1, 2)",2200,0,0,0,0
18,18,"(1, 3)",2191,0,0,0,0
18,18,"(1, 4)",2194,0,0,1,120
18,18,"(1, 5)",2196,0,0,0,0
18,18,"(1, 6)",2200,0,0,0,0
18,18,"(1, 7)",2200,0,0,0,0
18,18,"(1, 8)",2200,2,48,0,0
18,18,"(1, 9)",2200,0,0,0,0
18,18,"(2, 0)",2197,1,24,0,0
18,18,"(2, 1)",2195,0,0,0,0
18,18,"(2, 2)",2200,0,0,0,0
18,18,"(2, 3)",2200,1,26,0,0
18,18,"(2, 4)",2196,1,25,0,0
18,18,"(2, 5)",2198,0,0,0,0
18,18,"(2, 6)",2198,0,0,1,185
18,18,"(2, 7)",2198,0,0,0,0
18,18,"(2, 8)",2198,0,0,0,0
18,18,"(2, 9)",2200,0,0,0,0
18,18,"(3, 0)",2197,0,0,0,0
18,18,"(3, 1)",2198,0,0,0,0
18,18,"(3, 2)",2200,0,0,0,0
18,18,"(3, 3)",2198,0,0,0,0
18,18,"(3, 4)",2198,0,0,0,0
18,18,"(3, 5)",2196,0,0,0,0
18,18,"(3, 6)",2200,1,24,0,0
18,18,"(3, 7)",2193,0,0,0,0
18,18,"(3, 8)",2200,0,0,0,0
18,18,"(3, 9)",2200,0,0,0,0
18,18,"(4, 0)",2200,0,0,0,0
18,18,"(4, 1)",2196,0,0,0,0
18,18,"(4, 2)",2193,0,0,0,0
18,18,"(4, 3)",2192,0,0,0,0
18,18,"(4, 4)",2190,0,0,0,0
18,18,"(4, 5)",2193,0,0,0,0
18,18,"(4, 6)",2190,0,0,0,0
18,18,"(4, 7)",2196,0,0,0,0
18,18,"(4, 8)",2200,0,0,0,0
18,18,"(4, 9)",2200,0,0,0,0
18,18,"(5, 0)",2200,1,26,0,0
18,18,"(5, 1)",2193,0,0,0,0
18,18,"(5, 2)",2189,1,24,0,0
18,18,"(5, 3)",2192,2,49,0,0
18,18,"(5, 4)",2194,0,0,0,0
18,18,"(5, 5)",2194,1,23,0,0
18,18,"(5, 6)",2198,0,0,0,0
18,18,"(5, 7)",2197,0,0,1,120
18,18,"(5, 8)",2193,3,75,0,0
18,18,"(5, 9)",2198,0,0,0,0
18,18,"(6, 0)",2200,0,0,0,0
18,18,"(6, 1)",2198,0,0,0,0
18,18,"(6, 2)",2195,0,0,0,0
18,18,"(6, 3)",2198,1,24,0,0
18,18,"(6, 4)",2192,0,0,0,0
18,18,"(6, 5)",2196,0,0,0,0
18,18,"(6, 6)",2198,2,49,0,0
18,18,"(6, 7)",2200,0,0,0,0
18,18,"(6, 8)",2195,0,0,0,0
18,18,"(6, 9)",2188,1,24,0,0
18,18,"(7, 0)",2200,0,0,0,0
18,18,"(7, 1)",2195,0,0,0,0
18,18,"(7, 2)",2197,0,0,0,0
18,18,"(7, 3)",2198,0,0,0,0
18,18,"(7, 4)",2200,0,0,0,0
18,18,"(7, 5)",2195,0,0,0,0
18,18,"(7, 6)",2196,0,0,0,0
18,18,"(7, 7)",2198,0,0,0,0
18,18,"(7, 8)",2196,0,0,0,0
18,18,"(7, 9)",2198,0,0,0,0
19,19,"(0, 0)",2196,0,0,0,0
19,19,"(0, 1)",2200,0,0,0,0
19,19,"(0, 2)",2198,0,0,0,0
19,19,"(0, 3)",2198,0,0,0,0
19,19,"(0, 4)",2192,0,0,0,0
19,19,"(0, 5)",2198,0,0,0,0
19,19,"(0, 6)",2200,0,0,0,0
19,19,"(0, 7)",2200,0,0,0,0
19,19,"(0, 8)",2200,0,0,0,0
19,19,"(0, 9)",2200,0,0,0,0
19,19,"(1, 0)",2195,0,0,0,0
19,19,"(1, 1)",2194,0,0,0,0
19,19,"(1, 2)",2200,1,25,0,0
19,19,"(1, 3)",2191,0,0,0,0
19,19,"(1, 4)",2194,0,0,0,0
19,19,"(1, 5)",2196,0,0,0,0
19,19,"(1, 6)",2200,0,0,0,0
19,19,"(1, 7)",2200,0,0,0,0
19,19,"(1, 8)",2200,1,22,0,0
19,19,"(1, 9)",2200,0,0,0,0
19,19,"(2, 0)",2197,1,23,0,0
19,19,"(2, 1)",2195,0,0,0,0
19,19,"(2, 2)",2200,0,0,0,0
19,19,"(2, 3)",2200,0,0,0,0
19,19,"(2, 4)",2196,1,24,1,120
19,19,"(2, 5)",2198,0,0,0,0
19,19,"(2, 6)",2198,0,0,0,0
19,19,"(2, 7)",2198,1,24,0,0
19,19,"(2, 8)",2198,0,0,0,0
19,19,"(2, 9)",2200,0,0,0,0
19,19,"(3, 0)",2197,0,0,0,0
19,19,"(3, 1)",2198,0,0,0,0
19,19,"(3, 2)",2200,0,0,0,0
19,19,"(3, 3)",2198,0,0,0,0
19,19,"(3, 4)",2198,0,0,0,0
19,19,"(3, 5)",2196,0,0,0,0
19,19,"(3, 6)",2200,0,0,1,185
19,19,"(3, 7)",2193,0,0,0,0
19,19,"(3, 8)",2200,0,0,0,0
19,19,"(3, 9)",2200,0,0,0,0
19,19,"(4, 0)",2200,0,0,0,0
19,19,"(4, 1)",2196,0,0,0,0
19,19,"(4, 2)",2193,0,0,0,0
19,19,"(4, 3)",2192,0,0,0,0
19,19,"(4, 4)",2190,0,0,0,0
19,19,"(4, 5)",2193,0,0,0,0
19,19,"(4, 6)",2190,0,0,0,0
19,19,"(4, 7)",2196,1,23,0,0
19,19,"(4, 8)",2200,1,25,0,0
19,19,"(4, 9)",2200,1,23,0,0
19,19,"(5, 0)",2200,0,0,0,0
19,19,"(5, 1)",2193,2,48,0,0
19,19,"(5, 2)",2189,1,23,0,0
19,19,"(5, 3)",2192,1,22,0,0
19,19,"(5, 4)",2194,1,22,0,0
19,19,"(5, 5)",2194,0,0,0,0
19,19,"(5, 6)",2198,0,0,0,0
19,19,"(5, 7)",2197,0,0,0,0
19,19,"(5, 8)",2193,2,47,0,0
19,19,"(5, 9)",2198,0,0,0,0
19,19,"(6, 0)",2200,0,0,0,0
19,19,"(6, 1)",2198,0,0,0,0
19,19,"(6, 2)",2195,1,25,0,0
19,19,"(6, 3)",2198,0,0,0,0
19,19,"(6, 4)",2192,0,0,0,0
19,19,"(6, 5)",2196,1,24,0,0
19,19,"(6, 6)",2198,1,23,1,120
19,19,"(6, 7)",2200,0,0,0,0
19,19,"(6, 8)",2195,0,0,0,0
19,19,"(6, 9)",2188,0,0,0,0
19,19,"(7, 0)",2200,0,0,0,0
19,19,"(7, 1)",2195,0,0,0,0
19,19,"(7, 2)",2197,0,0,0,0
19,19,"(7, 3)",2198,0,0,0,0
19,19,"(7, 4)",2200,0,0,0,0
19,19,"(7, 5)",2195,0,0,0,0
19,19,"(7, 6)",2196,0,0,0,0
19,19,"(7, 7)",2198,0,0,0,0
19,19,"(7, 8)",2196,0,0,0,0
19,19,"(7, 9)",2198,0,0,0,0
20,20,"(0, 0)",2196,0,0,0,0
20,20,"(0, 1)",2200,0,0,0,0
20,20,"(0, 2)",2198,0,0,0,0
20,20,"(0, 3)",2198,0,0,0,0
20,20,"(0, 4)",2192,0,0,0,0
20,20,"(0, 5)",2198,0,0,0,0
20,20,"(0, 6)",2200,0,0,0,0
20,20,"(0, 7)",2200,0,0,0,0
20,20,"(0, 8)",2197,1,24,0,0
20,20,"(0, 9)",2200,0,0,0,0
20,20,"(1, 0)",2195,0,0,0,0
20,20,"(1, 1)",2194,0,0,0,0
20,20,"(1, 2)",2200,0,0,0,0
20,20,"(1, 3)",2189,1,26,0,0
20,20,"(1, 4)",2194,0,0,0,0
20,20,"(1, 5)",2196,0,0,0,0
20,20,"(1, 6)",2200,0,0,0,0
20,20,"(1, 7)",2200,0,0,0,0
20,20,"(1, 8)",2200,0,0,0,0
20,20,"(1, 9)",2200,0,0,0,0
20,20,"(2, 0)",2197,0,0,0,0
20,20,"(2, 1)",2195,0,0,0,0
20,20,"(2, 2)",2200,0,0,0,0
20,20,"(2, 3)",2200,0,0,0,0
20,20,"(2, 4)",2196,0,0,0,0
20,20,"(2, 5)",2198,0,0,0,0
20,20,"(2, 6)",2198,0,0,0,0
20,20,"(2, 7)",2198,0,0,0,0
20,20,"(2, 8)",2196,1,25,0,0
20,20,"(2, 9)",2200,0,0,0,0
20,20,"(3, 0)",2197,0,0,0,0
20,20,"(3, 1)",2196,1,24,0,0
20,20,"(3, 2)",2200,0,0,0,0
20,20,"(3, 3)",2198,0,0,1,120
20,20,"(3, 4)",2198,0,0,0,0
20,20,"(3, 5)",2194,1,25,0,0
20,20,"(3, 6)",2200,0,0,1,185
20,20,"(3, 7)",2193,0,0,0,0
20,20,"(3, 8)",2200,0,0,0,0
20,20,"(3, 9)",2200,0,0,0,0
20,20,"(4, 0)",2200,0,0,0,0
20,20,"(4, 1)",2196,0,0,0,0
20,20,"(4, 2)",2191,1,26,0,0
20,20,"(4, 3)",2192,0,0,0,0
20,20,"(4, 4)",2190,0,0,0,0
20,20,"(4, 5)",2193,0,0,0,0
20,20,"(4, 6)",2190,0,0,0,0
20,20,"(4, 7)",2196,0,0,0,0
20,20,"(4, 8)",2200,0,0,0,0
20,20,"(4, 9)",2200,0,0,0,0
20,20,"(5, 0)",2200,0,0,0,0
20,20,"(5, 1)",2191,1,24,0,0
20,20,"(5, 2)",2187,1,24,0,0
20,20,"(5, 3)",2192,0,0,0,0
20,20,"(5, 4)",2192,1,23,0,0
20,20,"(5, 5)",2194,0,0,1,120
20,20,"(5, 6)",2195,1,25,0,0
20,20,"(5, 7)",2197,0,0,0,0
20,20,"(5, 8)",2189,2,48,0,0
20,20,"(5, 9)",2196,1,26,0,0
20,20,"(6, 0)",2200,0,0,0,0
20,20,"(6, 1)",2198,0,0,0,0
20,20,"(6, 2)",2195,0,0,0,0
20,20,"(6, 3)",2196,1,26,0,0
20,20,"(6, 4)",2192,0,0,0,0
20,20,"(6, 5)",2192,2,48,0,0
20,20,"(6, 6)",2198,0,0,0,0
20,20,"(6, 7)",2200,0,0,0,0
20,20,"(6, 8)",2195,0,0,0,0
20,20,"(6, 9)",2186,1,25,0,0
20,20,"(7, 0)",2200,0,0,0,0
20,20,"(7, 1)",2195,0,0,0,0
20,20,"(7, 2)",2197,0,0,0,0
20,20,"(7, 3)",2198,0,0,0,0
20,20,"(7, 4)",2200,0,0,0,0
20,20,"(7, 5)",2193,1,24,0,0
20,20,"(7, 6)",2196,0,0,0,0
20,20,"(7, 7)",2198,0,0,0,0
20,20,"(7, 8)",2196,0,0,0,0
20,20,"(7, 9)",2198,0,0,0,0
21,21,"(0, 0)",2196,0,0,0,0
21,21,"(0, 1)",2200,0,0,0,0
21,21,"(0, 2)",2198,0,0,0,0
21,21,"(0, 3)",2195,1,28,0,0
21,21,"(0, 4)",2192,0,0,0,0
21,21,"(0, 5)",2198,0,0,0,0
21,21,"(0, 6)",2200,0,0,0,0
21,21,"(0, 7)",2198,1,25,0,0
21,21,"(0, 8)",2197,0,0,0,0
21,21,"(0, 9)",2200,0,0,0,0
21,21,"(1, 0)",2195,0,0,0,0
21,21,"(1, 1)",2194,0,0,0,0
21,21,"(1, 2)",2200,0,0,0,0
21,21,"(1, 3)",2189,0,0,0,0
21,21,"(1, 4)",2194,0,0,0,0
21,21,"(1, 5)",2196,0,0,0,0
21,21,"(1, 6)",2200,0,0,0,0
21,21,"(1, 7)",2200,0,0,0,0
21,21,"(1, 8)",2200,0,0,0,0
21,21,"(1, 9)",2200,0,0,0,0
21,21,"(2, 0)",2197,0,0,0,0
21,21,"(2, 1)",2195,0,0,0,0
21,21,"(2, 2)",2200,0,0,0,0
21,21,"(2, 3)",2200,0,0,0,0
21,21,"(2, 4)",2196,0,0,0,0
21,21,"(2, 5)",2198,0,0,0,0
21,21,"(2, 6)",2196,1,26,0,0
21,21,"(2, 7)",2198,0,0,0,0
21,21,"(2, 8)",2196,0,0,0,0
21,21,"(2, 9)",2200,0,0,0,0
21,21,"(3, 0)",2197,0,0,0,0
21,21,"(3, 1)",2196,0,0,0,0
21,21,"(3, 2)",2200,0,0,0,0
21,21,"(3, 3)",2198,0,0,0,0
21,21,"(3, 4)",2198,0,0,0,0
21,21,"(3, 5)",2194,0,0,0,0
21,21,"(3, 6)",2200,0,0,0,0
21,21,"(3, 7)",2191,1,26,0,0
21,21,"(3, 8)",2200,0,0,0,0
21,21,"(3, 9)",2200,0,0,0,0
21,21,"(4, 0)",2200,0,0,0,0
21,21,"(4, 1)",2196,0,0,0,0
21,21,"(4, 2)",2188,1,26,1,120
21,21,"(4, 3)",2189,1,28,0,0
21,21,"(4, 4)",2190,0,0,0,0
21,21,"(4, 5)",2193,0,0,1,185
21,21,"(4, 6)",2190,0,0,0,0
21,21,"(4, 7)",2196,0,0,0,0
21,21,"(4, 8)",2198,1,25,0,0
21,21,"(4, 9)",2200,0,0,0,0
21,21,"(5, 0)",2200,0,0,0,0
21,21,"(5, 1)",2191,0,0,0,0
21,21,"(5, 2)",2185,1,25,0,0
21,21,"(5, 3)",2192,0,0,0,0
21,21,"(5, 4)",2190,1,27,1,120
21,21,"(5, 5)",2192,1,24,0,0
21,21,"(5, 6)",2195,0,0,0,0
21,21,"(5, 7)",2197,0,0,0,0
21,21,"(5, 8)",2187,1,25,0,0
21,21,"(5, 9)",2194,1,27,0,0
21,21,"(6, 0)",2200,0,0,0,0
21,21,"(6, 1)",2198,0,0,0,0
21,21,"(6, 2)",2193,1,25,0,0
21,21,"(6, 3)",2196,0,0,0,0
21,21,"(6, 4)",2192,0,0,0,0
21,21,"(6, 5)",2189,1,25,0,0
21,21,"(6, 6)",2198,0,0,0,0
21,21,"(6, 7)",2198,1,26,0,0
21,21,"(6, 8)",2195,0,0,0,0
21,21,"(6, 9)",2186,0,0,0,0
21,21,"(7, 0)",2200,0,0,0,0
21,21,"(7, 1)",2195,0,0,0,0
21,21,"(7, 2)",2197,0,0,0,0
21,21,"(7, 3)",2198,0,0,0,0
21,21,"(7, 4)",2198,1,26,0,0
21,21,"(7, 5)",2191,1,25,0,0
21,21,"(7, 6)",2196,0,0,0,0
21,21,"(7, 7)",2198,0,0,0,0
21,21,"(7, 8)",2196,0,0,0,0
21,21,"(7, 9)",2196,1,26,0,0
22,22,"(0, 0)",2196,0,0,0,0
22,22,"(0, 1)",2200,0,0,0,0
22,22,"(0, 2)",2198,0,0,0,0
22,22,"(0, 3)",2193,1,29,0,0
22,22,"(0, 4)",2192,0,0,0,0
22,22,"(0, 5)",2198,0,0,0,0
22,22,"(0, 6)",2200,0,0,0,0
22,22,"(0, 7)",2198,0,0,0,0
22,22,"(0, 8)",2197,0,0,0,0
22,22,"(0, 9)",2200,0,0,0,0
22,22,"(1, 0)",2195,0,0,0,0
22,22,"(1, 1)",2194,0,0,0,0
22,22,"(1, 2)",2200,0,0,0,0
22,22,"(1, 3)",2189,0,0,0,0
22,22,"(1, 4)",2194,0,0,0,0
22,22,"(1, 5)",2196,0,0,0,0
22,22,"(1, 6)",2200,0,0,0,0
22,22,"(1, 7)",2198,1,26,0,0
22,22,"(1, 8)",2200,0,0,0,0
22,22,"(1, 9)",2200,0,0,0,0
22,22,"(2, 0)",2197,0,0,0,0
22,22,"(2, 1)",2195,0,0,0,0
22,22,"(2, 2)",2200,0,0,0,0
22,22,"(2, 3)",2200,0,0,0,0
22,22,"(2, 4)",2196,0,0,0,0
22,22,"(2, 5)",2198,0,0,0,0
22,22,"(2, 6)",2196,0,0,0,0
22,22,"(2, 7)",2198,0,0,0,0
22,22,"(2, 8)",2196,0,0,0,0
22,22,"(2, 9)",2200,0,0,0,0
22,22,"(3, 0)",2197,0,0,0,0
22,22,"(3, 1)",2196,0,0,0,0
22,22,"(3, 2)",2200,0,0,0,0
22,22,"(3, 3)",2198,0,0,0,0
22,22,"(3, 4)",2198,0,0,0,0
22,22,"(3, 5)",2194,0,0,0,0
22,22,"(3, 6)",2200,0,0,0,0
22,22,"(3, 7)",2187,2,53,0,0
22,22,"(3, 8)",2198,1,27,0,0
22,22,"(3, 9)",2200,0,0,0,0
22,22,"(4, 0)",2200,0,0,0,0
22,22,"(4, 1)",2196,0,0,0,0
22,22,"(4, 2)",2186,1,29,0,0
22,22,"(4, 3)",2185,2,53,0,0
22,22,"(4, 4)",2187,1,29,0,0
22,22,"(4, 5)",2193,0,0,0,0
22,22,"(4, 6)",2190,0,0,1,185
22,22,"(4, 7)",2196,0,0,0,0
22,22,"(4, 8)",2198,0,0,0,0
22,22,"(4, 9)",2200,0,0,0,0
22,22,"(5, 0)",2200,0,0,0,0
22,22,"(5, 1)",2191,0,0,1,120
22,22,"(5, 2)",2185,0,0,0,0
22,22,"(5, 3)",2192,0,0,0,0
22,22,"(5, 4)",2188,1,26,0,0
22,22,"(5, 5)",2192,0,0,0,0
22,22,"(5, 6)",2195,0,0,0,0
22,22,"(5, 7)",2197,0,0,0,0
22,22,"(5, 8)",2185,1,28,0,0
22,22,"(5, 9)",2194,0,0,0,0
22,22,"(6, 0)",2200,0,0,0,0
22,22,"(6, 1)",2198,0,0,0,0
22,22,"(6, 2)",2193,0,0,0,0
22,22,"(6, 3)",2196,0,0,1,120
22,22,"(6, 4)",2192,0,0,0,0
22,22,"(6, 5)",2187,1,27,0,0
22,22,"(6, 6)",2196,1,25,0,0
22,22,"(6, 7)",2196,1,27,0,0
22,22,"(6, 8)",2195,0,0,0,0
22,22,"(6, 9)",2184,1,26,0,0
22,22,"(7, 0)",2200,0,0,0,0
22,22,"(7, 1)",2195,0,0,0,0
22,22,"(7, 2)",2194,1,27,0,0
22,22,"(7, 3)",2198,0,0,0,0
22,22,"(7, 4)",2196,1,26,0,0
22,22,"(7, 5)",2191,0,0,0,0
22,22,"(7, 6)",2196,0,0,0,0
22,22,"(7, 7)",2198,0,0,0,0
22,22,"(7, 8)",2196,0,0,0,0
22,22,"(7, 9)",2194,1,27,0,0
23,23,"(0, 0)",2196,0,0,0,0
23,23,"(0, 1)",2200,0,0,0,0
23,23,"(0, 2)",2198,0,0,0,0
23,23,"(0, 3)",2193,0,0,0,0
23,23,"(0, 4)",2190,1,30,0,0
23,23,"(0, 5)",2198,0,0,0,0
23,23,"(0, 6)",2200,0,0,0,0
23,23,"(0, 7)",2198,0,0,0,0
23,23,"(0, 8)",2197,0,0,0,0
23,23,"(0, 9)",2200,0,0,0,0
23,23,"(1, 0)",2195,0,0,0,0
23,23,"(1, 1)",2194,0,0,0,0
23,23,"(1, 2)",2200,0,0,0,0
23,23,"(1, 3)",2189,0,0,0,0
23,23,"(1, 4)",2194,0,0,0,0
23,23,"(1, 5)",2196,0,0,0,0
23,23,"(1, 6)",2198,1,27,0,0
23,23,"(1, 7)",2198,0,0,0,0
23,23,"(1, 8)",2200,0,0,0,0
23,23,"(1, 9)",2200,0,0,0,0
23,23,"(2, 0)",2197,0,0,0,0
23,23,"(2, 1)",2195,0,0,0,0
23,23,"(2, 2)",2200,0,0,0,0
23,23,"(2, 3)",2200,0,0,0,0
23,23,"(2, 4)",2196,0,0,0,0
23,23,"(2, 5)",2198,0,0,0,0
23,23,"(2, 6)",2196,0,0,0,0
23,23,"(2, 7)",2195,1,29,0,0
23,23,"(2, 8)",2196,0,0,0,0
23,23,"(2, 9)",2200,0,0,0,0
23,23,"(3, 0)",2197,0,0,0,0
23,23,"(3, 1)",2196,0,0,0,0
23,23,"(3, 2)",2197,1,31,0,0
23,23,"(3, 3)",2198,0,0,0,0
23,23,"(3, 4)",2198,0,0,0,0
23,23,"(3, 5)",2194,0,0,0,0
23,23,"(3, 6)",2200,0,0,0,0
23,23,"(3, 7)",2185,1,27,0,0
23,23,"(3, 8)",2198,0,0,0,0
23,23,"(3, 9)",2200,0,0,0,0
23,23,"(4, 0)",2200,0,0,0,0
23,23,"(4, 1)",2196,0,0,0,0
23,23,"(4, 2)",2186,0,0,0,0
23,23,"(4, 3)",2183,1,28,0,0
23,23,"(4, 4)",2185,1,27,0,0
23,23,"(4, 5)",2193,0,0,0,0
23,23,"(4, 6)",2190,0,0,0,0
23,23,"(4, 7)",2193,1,29,0,0
23,23,"(4, 8)",2198,0,0,0,0
23,23,"(4, 9)",2200,0,0,0,0
23,23,"(5, 0)",2200,0,0,0,0
23,23,"(5, 1)",2191,0,0,0,0
23,23,"(5, 2)",2185,0,0,1,120
23,23,"(5, 3)",2190,1,27,0,0
23,23,"(5, 4)",2188,0,0,0,0
23,23,"(5, 5)",2190,1,30,0,0
23,23,"(5, 6)",2195,0,0,0,0
23,23,"(5, 7)",2197,0,0,1,185
23,23,"(5, 8)",2185,0,0,0,0
23,23,"(5, 9)",2194,0,0,0,0
23,23,"(6, 0)",2200,0,0,0,0
23,23,"(6, 1)",2198,0,0,0,0
23,23,"(6, 2)",2193,0,0,1,120
23,23,"(6, 3)",2196,0,0,0,0
23,23,"(6, 4)",2190,1,28,0,0
23,23,"(6, 5)",2187,0,0,0,0
23,23,"(6, 6)",2194,1,28,0,0
23,23,"(6, 7)",2192,2,55,0,0
23,23,"(6, 8)",2195,0,0,0,0
23,23,"(6, 9)",2182,1,28,0,0
23,23,"(7, 0)",2200,0,0,0,0
23,23,"(7, 1)",2193,1,28,0,0
23,23,"(7, 2)",2194,0,0,0,0
23,23,"(7, 3)",2198,0,0,0,0
23,23,"(7, 4)",2194,1,27,0,0
23,23,"(7, 5)",2191,0,0,0,0
23,23,"(7, 6)",2196,0,0,0,0
23,23,"(7, 7)",2198,0,0,0,0
23,23,"(7, 8)",2194,1,27,0,0
23,23,"(7, 9)",2194,0,0,0,0
